locality,borough,neighborhood,avg_rent_usd,availability,dominant_property_type,property_age_years,num_listings,median_sale_price_usd,borough_C:\Users\Shawn\Downloads\nyc_crime_dataset_aligned,neighborhood_C:\Users\Shawn\Downloads\nyc_crime_dataset_aligned,crime_rate_per_1000,safety_index,common_crime_type,police_stations_nearby,crime_trend_5yr,borough_C:\Users\Shawn\Downloads\nyc_environment_dataset_aligned,neighborhood_C:\Users\Shawn\Downloads\nyc_environment_dataset_aligned,avg_aqi,green_cover_pct,noise_level,avg_temperature_c,flood_risk_zone,waste_management_efficiency,borough_C:\Users\Shawn\Downloads\nyc_transport_dataset_aligned,neighborhood_C:\Users\Shawn\Downloads\nyc_transport_dataset_aligned,avg_commute_time_min,num_subway_stations,num_bus_stops,walkability_score,traffic_congestion,bike_lane_km,car_ownership_rate_pct,borough_C:\Users\Shawn\Downloads\nyc_infrastructure_dataset_aligned,neighborhood_C:\Users\Shawn\Downloads\nyc_infrastructure_dataset_aligned,internet_speed_mbps,electricity_reliability,road_quality_index,public_facilities_rating,streetlight_density_per_sqkm,public_wifi_hotspots,borough_C:\Users\Shawn\Downloads\nyc_social_amenities_dataset_aligned,neighborhood_C:\Users\Shawn\Downloads\nyc_social_amenities_dataset_aligned,num_hospitals,num_schools,recreation_facilities,community_participation_score,library_access,park_area_pct,borough_C:\Users\Shawn\Downloads\nyc_demographics_dataset_aligned,neighborhood_C:\Users\Shawn\Downloads\nyc_demographics_dataset_aligned,population,area_sq_km,median_income_usd,employment_rate_pct,cultural_diversity,literacy_rate_pct,borough_C:\Users\Shawn\Downloads\nyc_accessibility_inclusivity_dataset_aligned,neighborhood_C:\Users\Shawn\Downloads\nyc_accessibility_inclusivity_dataset_aligned,wheelchair_accessibility_score,public_transport_accessibility,elderly_friendly_infrastructure,disability_support_services,inclusive_community_events,assistive_tech_availability_score,borough_C:\Users\Shawn\Downloads\nyc_economic_opportunities_dataset_aligned,neighborhood_C:\Users\Shawn\Downloads\nyc_economic_opportunities_dataset_aligned,avg_business_density_per_100_residents,job_openings_index,startup_activity_level,proximity_to_it_hub_km,economic_growth_rate_pct,avg_sme_size,avg_income_growth_rate_pct
Pelham Bay West,Staten Island,Pelham Bay,1202,Low,Mixed-use,50,64,440062,Staten Island,Pelham Bay,209.24,Safe,Vandalism,4,Increasing,Staten Island,Pelham Bay,36.5,59.6,Medium,27.8,Low,88.2,Staten Island,Pelham Bay,34.1,7,177,83.9,Medium,14.61,47.9,Staten Island,Pelham Bay,128.7,Medium,87.8,7,391.4,187,Staten Island,Pelham Bay,1,37,Many,63.9,Good,10.7,Staten Island,Pelham Bay,88126,15.3,84873,66.1,Medium,85.4,Staten Island,Pelham Bay,84.7,Medium,High,Excellent,Yes,84.8,Staten Island,Pelham Bay,0.45,113,Low,10.51,4.23,132,2.21
SoHo Central,Manhattan,SoHo,4472,Medium,Apartments,51,162,1654869,Manhattan,SoHo,348.5,Moderate,Theft,7,Increasing,Manhattan,SoHo,59.6,16.8,Low,20.3,Low,72.0,Manhattan,SoHo,23.6,38,124,97.5,Medium,18.84,53.0,Manhattan,SoHo,209.0,Medium,94.8,8,737.7,102,Manhattan,SoHo,11,65,Many,93.2,Average,9.1,Manhattan,SoHo,93461,21.3,150266,94.9,Medium,95.9,Manhattan,SoHo,81.1,Medium,Low,Average,Yes,90.6,Manhattan,SoHo,0.91,129,High,3.81,9.11,40,0.77
Jamaica Park,Manhattan,Jamaica,2968,Medium,Houses,24,192,1360647,Manhattan,Jamaica,244.15,Safe,Fraud,4,Stable,Manhattan,Jamaica,29.1,36.0,High,20.1,Low,89.9,Manhattan,Jamaica,19.7,12,80,93.0,Medium,5.04,31.9,Manhattan,Jamaica,204.2,High,83.9,9,373.9,297,Manhattan,Jamaica,8,48,Many,74.4,Poor,22.9,Manhattan,Jamaica,143130,17.3,95220,84.5,High,86.1,Manhattan,Jamaica,95.3,High,High,Good,No,87.3,Manhattan,Jamaica,0.5,147,Medium,3.01,5.6,16,3.46
Throggs Neck Central,Queens,Throggs Neck,2339,Medium,Houses,95,62,615511,Queens,Throggs Neck,299.09,Moderate,Fraud,3,Stable,Queens,Throggs Neck,38.0,42.4,High,27.7,Low,67.1,Queens,Throggs Neck,54.8,9,57,70.3,Low,24.26,46.7,Queens,Throggs Neck,114.2,Low,77.4,5,563.8,245,Queens,Throggs Neck,8,52,Many,86.1,Good,11.0,Queens,Throggs Neck,173688,6.8,110976,78.7,Medium,93.8,Queens,Throggs Neck,74.2,High,Medium,Good,Yes,76.6,Queens,Throggs Neck,0.55,112,Medium,10.67,3.84,90,1.62
Throggs Neck East (1),Manhattan,Throggs Neck,3331,High,Condos,77,117,1405815,Manhattan,Throggs Neck,172.21,Safe,Assault,6,Decreasing,Manhattan,Throggs Neck,22.5,28.3,Medium,23.0,Low,74.5,Manhattan,Throggs Neck,32.2,12,128,88.0,Medium,3.33,63.1,Manhattan,Throggs Neck,211.3,High,82.8,8,245.6,282,Manhattan,Throggs Neck,19,61,Many,97.8,Good,17.4,Manhattan,Throggs Neck,81339,22.5,115523,92.9,Medium,95.1,Manhattan,Throggs Neck,94.8,Medium,Medium,Excellent,No,75.8,Manhattan,Throggs Neck,0.96,189,Medium,4.35,7.03,123,1.82
Harlem Gardens,Bronx,Harlem,2536,Medium,Houses,79,116,482415,Bronx,Harlem,654.75,Unsafe,Vandalism,1,Decreasing,Bronx,Harlem,68.4,54.0,Low,27.4,Low,74.4,Bronx,Harlem,52.0,5,35,75.3,Medium,8.05,68.6,Bronx,Harlem,182.4,Medium,65.1,5,582.3,47,Bronx,Harlem,5,10,Few,52.0,Excellent,23.3,Bronx,Harlem,140069,23.1,79070,68.6,High,96.4,Bronx,Harlem,70.3,Medium,Medium,Good,Yes,79.5,Bronx,Harlem,0.37,110,High,9.71,-0.25,147,0.83
Bellerose South,Manhattan,Bellerose,5083,Medium,Houses,41,212,1299210,Manhattan,Bellerose,234.08,Safe,Theft,7,Decreasing,Manhattan,Bellerose,45.3,14.8,Low,23.0,Low,81.1,Manhattan,Bellerose,35.6,29,109,83.6,Low,9.77,34.5,Manhattan,Bellerose,261.6,Low,87.9,9,737.8,177,Manhattan,Bellerose,5,31,Few,92.0,Good,23.4,Manhattan,Bellerose,126133,18.7,96436,80.3,High,96.0,Manhattan,Bellerose,88.7,High,High,Good,Yes,61.9,Manhattan,Bellerose,0.85,126,High,3.7,4.72,14,2.44
Bronx Park North,Brooklyn,Bronx Park,3993,Medium,Condos,69,166,595367,Brooklyn,Bronx Park,260.08,Moderate,Fraud,1,Decreasing,Brooklyn,Bronx Park,59.4,19.7,Medium,22.0,Low,82.7,Brooklyn,Bronx Park,26.9,6,23,90.2,High,9.04,39.1,Brooklyn,Bronx Park,229.4,Medium,73.3,8,525.8,180,Brooklyn,Bronx Park,11,51,Few,81.0,Excellent,17.7,Brooklyn,Bronx Park,102013,33.4,62665,72.6,High,84.8,Brooklyn,Bronx Park,82.4,Low,Medium,Excellent,Yes,66.3,Brooklyn,Bronx Park,0.59,115,Medium,6.47,2.17,112,1.33
Fordham Village,Brooklyn,Fordham,1477,Low,Apartments,22,139,1306428,Brooklyn,Fordham,265.32,Moderate,Burglary,1,Stable,Brooklyn,Fordham,45.1,27.5,Medium,26.9,Low,98.2,Brooklyn,Fordham,39.0,17,55,90.3,Low,19.15,51.2,Brooklyn,Fordham,212.7,Medium,72.6,7,391.9,50,Brooklyn,Fordham,7,16,Very Few,66.7,Excellent,22.7,Brooklyn,Fordham,168541,17.9,107444,76.0,Medium,81.7,Brooklyn,Fordham,89.7,Medium,Medium,Good,Yes,96.0,Brooklyn,Fordham,0.69,107,High,7.68,3.8,132,1.37
New Dorp East,Brooklyn,New Dorp,3341,High,Condos,38,109,1311018,Brooklyn,New Dorp,167.52,Safe,Fraud,2,Stable,Brooklyn,New Dorp,76.5,21.6,High,24.6,Low,75.1,Brooklyn,New Dorp,36.4,9,135,94.8,High,23.11,35.1,Brooklyn,New Dorp,230.3,Medium,85.6,7,226.5,169,Brooklyn,New Dorp,7,62,Many,67.7,Good,14.0,Brooklyn,New Dorp,289648,28.4,128579,80.4,Medium,98.2,Brooklyn,New Dorp,79.4,High,Medium,Good,Yes,83.8,Brooklyn,New Dorp,0.67,113,High,4.81,5.38,86,-0.22
Upper East Side Central,Queens,Upper East Side,2198,Medium,Apartments,42,81,856796,Queens,Upper East Side,346.56,Moderate,Theft,3,Increasing,Queens,Upper East Side,60.0,41.4,Medium,24.8,Low,77.7,Queens,Upper East Side,54.7,12,134,73.5,Medium,18.39,60.3,Queens,Upper East Side,205.6,Medium,78.1,8,311.0,105,Queens,Upper East Side,8,24,Many,84.4,Excellent,7.2,Queens,Upper East Side,140486,13.8,115894,69.8,High,85.7,Queens,Upper East Side,76.4,Low,Low,Good,No,72.8,Queens,Upper East Side,0.48,152,Medium,12.28,4.17,10,4.17
Bronx Park Village (1),Manhattan,Bronx Park,3268,Medium,Apartments,45,152,1789417,Manhattan,Bronx Park,244.54,Safe,Theft,4,Stable,Manhattan,Bronx Park,54.5,48.7,Medium,23.2,High,84.1,Manhattan,Bronx Park,25.1,18,75,94.7,Medium,15.79,47.6,Manhattan,Bronx Park,172.4,High,99.4,8,744.4,236,Manhattan,Bronx Park,19,64,Many,72.2,Excellent,4.6,Manhattan,Bronx Park,196392,25.6,124988,97.9,High,84.6,Manhattan,Bronx Park,93.8,Medium,High,Excellent,No,71.8,Manhattan,Bronx Park,0.68,146,Medium,2.96,7.96,56,3.88
Upper West Side Village,Staten Island,Upper West Side,2061,Low,Condos,48,72,697346,Staten Island,Upper West Side,108.34,Safe,Vandalism,4,Decreasing,Staten Island,Upper West Side,54.4,39.6,Medium,28.1,Low,82.5,Staten Island,Upper West Side,46.2,8,143,67.6,Medium,8.4,44.0,Staten Island,Upper West Side,176.8,High,75.9,8,530.8,160,Staten Island,Upper West Side,1,20,Many,71.6,Good,18.7,Staten Island,Upper West Side,73346,11.0,63736,81.6,Medium,92.9,Staten Island,Upper West Side,88.8,High,High,Excellent,Yes,97.2,Staten Island,Upper West Side,0.4,65,Medium,20.27,0.31,43,2.64
Williamsburg Landing (1),Manhattan,Williamsburg,4232,Medium,Apartments,29,157,1430618,Manhattan,Williamsburg,221.28,Safe,Robbery,7,Stable,Manhattan,Williamsburg,16.3,8.0,Medium,23.6,Moderate,79.1,Manhattan,Williamsburg,34.3,11,79,83.3,Low,10.31,32.0,Manhattan,Williamsburg,264.8,High,98.5,9,664.6,26,Manhattan,Williamsburg,9,38,Many,77.9,Excellent,20.5,Manhattan,Williamsburg,101076,11.6,150364,95.4,High,81.4,Manhattan,Williamsburg,85.6,Medium,High,Excellent,No,79.1,Manhattan,Williamsburg,0.95,149,High,3.56,9.28,127,1.32
Ridgewood Park,Queens,Ridgewood,2845,High,Apartments,37,149,746687,Queens,Ridgewood,274.62,Moderate,Drug Offense,3,Stable,Queens,Ridgewood,62.0,48.2,Medium,26.8,Low,92.3,Queens,Ridgewood,38.8,12,95,71.5,Medium,11.92,77.9,Queens,Ridgewood,188.4,High,71.4,8,680.6,91,Queens,Ridgewood,10,51,Many,80.1,Average,11.7,Queens,Ridgewood,67820,14.1,66180,69.7,Medium,86.3,Queens,Ridgewood,78.4,High,Medium,Good,Yes,87.8,Queens,Ridgewood,0.33,148,High,10.58,2.65,42,3.27
SoHo East,Bronx,SoHo,2350,High,Apartments,56,58,380602,Bronx,SoHo,502.41,Unsafe,Robbery,2,Decreasing,Bronx,SoHo,69.7,21.4,Medium,25.7,Low,98.1,Bronx,SoHo,59.8,5,193,69.8,Medium,12.38,35.7,Bronx,SoHo,128.2,High,73.9,4,710.6,10,Bronx,SoHo,8,23,Many,70.6,Good,4.6,Bronx,SoHo,122198,16.4,75887,68.1,High,82.9,Bronx,SoHo,60.6,Low,Medium,Average,No,80.5,Bronx,SoHo,0.36,111,Medium,19.39,0.16,98,4.35
Maspeth South (1),Queens,Maspeth,2036,Medium,Apartments,38,56,647381,Queens,Maspeth,217.97,Safe,Robbery,2,Stable,Queens,Maspeth,45.9,32.4,High,23.4,Low,73.0,Queens,Maspeth,39.5,14,65,75.4,Low,3.28,39.3,Queens,Maspeth,118.9,Medium,82.4,5,277.7,82,Queens,Maspeth,4,59,Few,80.8,Average,11.2,Queens,Maspeth,135930,21.9,101442,75.0,High,96.4,Queens,Maspeth,77.9,Low,High,Average,No,93.9,Queens,Maspeth,0.78,151,Medium,10.75,2.31,167,-0.21
Harlem Heights,Manhattan,Harlem,2300,Medium,Condos,32,113,1971997,Manhattan,Harlem,275.41,Moderate,Theft,3,Stable,Manhattan,Harlem,17.9,22.8,Low,22.3,Low,61.5,Manhattan,Harlem,34.4,20,145,83.1,Medium,24.87,66.2,Manhattan,Harlem,185.5,High,97.4,8,656.3,38,Manhattan,Harlem,9,50,Few,97.1,Good,3.4,Manhattan,Harlem,228196,17.0,129803,83.4,Medium,90.0,Manhattan,Harlem,88.0,High,Medium,Excellent,Yes,69.6,Manhattan,Harlem,0.67,173,Low,1.39,5.41,57,1.14
Upper West Side Heights,Manhattan,Upper West Side,2393,Medium,Condos,72,180,1520236,Manhattan,Upper West Side,262.58,Moderate,Assault,7,Decreasing,Manhattan,Upper West Side,58.7,42.8,Medium,20.0,High,65.9,Manhattan,Upper West Side,33.2,16,113,83.6,Medium,10.27,51.1,Manhattan,Upper West Side,259.0,Medium,98.6,9,471.2,78,Manhattan,Upper West Side,15,67,Few,87.3,Poor,8.5,Manhattan,Upper West Side,205013,31.7,138077,88.0,Medium,82.7,Manhattan,Upper West Side,81.5,High,Medium,Excellent,Yes,97.6,Manhattan,Upper West Side,0.9,145,Medium,2.55,6.95,103,3.42
Rego Park Landing,Brooklyn,Rego Park,2083,High,Apartments,47,92,905538,Brooklyn,Rego Park,451.6,Unsafe,Fraud,2,Decreasing,Brooklyn,Rego Park,68.1,22.3,High,24.6,Moderate,79.7,Brooklyn,Rego Park,38.0,13,113,90.9,Medium,9.56,70.3,Brooklyn,Rego Park,256.7,Medium,89.9,8,215.0,199,Brooklyn,Rego Park,5,52,Many,74.3,Good,3.6,Brooklyn,Rego Park,232156,34.9,66068,91.2,High,98.7,Brooklyn,Rego Park,82.6,High,Medium,Good,Yes,92.0,Brooklyn,Rego Park,0.69,112,High,6.78,7.03,27,-0.5
DUMBO West,Queens,DUMBO,2376,Low,Apartments,33,133,358307,Queens,DUMBO,436.19,Moderate,Fraud,2,Decreasing,Queens,DUMBO,81.0,34.4,Medium,22.3,Moderate,94.6,Queens,DUMBO,40.5,12,137,87.6,High,18.79,44.2,Queens,DUMBO,178.2,Low,87.9,8,642.6,106,Queens,DUMBO,9,10,Very Few,62.3,Excellent,24.1,Queens,DUMBO,225836,16.2,76116,80.7,High,87.6,Queens,DUMBO,85.2,Medium,Medium,Excellent,Yes,70.4,Queens,DUMBO,0.58,114,Medium,8.57,3.27,8,0.39
Flushing Gardens,Queens,Flushing,1981,Low,Condos,28,79,707278,Queens,Flushing,535.77,Unsafe,Drug Offense,1,Increasing,Queens,Flushing,45.4,32.9,High,24.6,Moderate,65.7,Queens,Flushing,23.8,12,31,88.3,Low,16.74,64.2,Queens,Flushing,84.3,High,85.6,7,721.6,268,Queens,Flushing,10,26,Few,68.3,Good,13.6,Queens,Flushing,145168,25.5,80425,85.6,Medium,84.4,Queens,Flushing,80.3,High,Medium,Good,Yes,67.1,Queens,Flushing,0.41,98,Medium,12.32,2.55,114,2.1
Inwood Central (1),Brooklyn,Inwood,3121,High,Apartments,49,134,1081574,Brooklyn,Inwood,342.91,Moderate,Fraud,1,Decreasing,Brooklyn,Inwood,81.6,57.8,Medium,21.4,Low,73.0,Brooklyn,Inwood,58.3,8,73,87.2,Medium,10.57,78.2,Brooklyn,Inwood,205.8,Medium,78.3,6,467.1,139,Brooklyn,Inwood,7,43,Few,66.1,Poor,15.5,Brooklyn,Inwood,181206,24.1,105960,94.2,High,96.0,Brooklyn,Inwood,70.9,High,High,Good,Yes,73.7,Brooklyn,Inwood,0.72,157,Medium,6.13,2.23,65,-0.33
Rego Park Central,Queens,Rego Park,2664,Medium,Condos,49,118,779247,Queens,Rego Park,304.14,Moderate,Vandalism,3,Increasing,Queens,Rego Park,36.9,32.3,Medium,24.1,Low,90.0,Queens,Rego Park,48.5,6,131,73.7,Medium,16.56,78.7,Queens,Rego Park,152.4,High,89.3,6,215.8,148,Queens,Rego Park,9,17,Many,56.5,Excellent,6.1,Queens,Rego Park,164876,9.9,65195,73.8,Medium,86.9,Queens,Rego Park,89.2,Low,High,Good,Yes,76.3,Queens,Rego Park,0.51,145,Medium,14.31,2.65,134,1.85
Hunts Point Village,Brooklyn,Hunts Point,2698,High,Condos,29,85,998913,Brooklyn,Hunts Point,412.41,Moderate,Vandalism,1,Decreasing,Brooklyn,Hunts Point,26.4,16.2,Medium,27.4,High,87.6,Brooklyn,Hunts Point,15.1,15,51,74.5,Medium,18.58,41.4,Brooklyn,Hunts Point,99.2,Medium,76.3,6,261.6,262,Brooklyn,Hunts Point,13,29,Few,91.7,Excellent,11.4,Brooklyn,Hunts Point,286924,27.5,96780,94.6,High,91.5,Brooklyn,Hunts Point,87.3,High,Medium,Excellent,No,67.4,Brooklyn,Hunts Point,0.53,178,High,4.21,6.53,148,3.35
Chelsea Village (1),Staten Island,Chelsea,1097,Medium,Apartments,26,73,525972,Staten Island,Chelsea,269.0,Moderate,Burglary,3,Stable,Staten Island,Chelsea,54.0,28.8,High,27.5,Low,86.3,Staten Island,Chelsea,35.5,4,32,75.8,Low,18.75,36.3,Staten Island,Chelsea,182.4,High,66.6,7,750.4,55,Staten Island,Chelsea,3,5,Many,61.1,Good,22.8,Staten Island,Chelsea,93133,32.4,57288,67.2,High,95.7,Staten Island,Chelsea,82.5,High,High,Good,No,83.5,Staten Island,Chelsea,0.23,85,High,18.59,4.37,26,2.7
Throggs Neck North,Manhattan,Throggs Neck,4021,High,Apartments,42,82,1343048,Manhattan,Throggs Neck,97.8,Safe,Burglary,3,Decreasing,Manhattan,Throggs Neck,46.9,35.9,High,20.5,Moderate,60.3,Manhattan,Throggs Neck,40.3,18,36,97.8,Medium,10.88,54.8,Manhattan,Throggs Neck,199.2,High,81.3,8,646.5,247,Manhattan,Throggs Neck,19,64,Many,82.2,Good,9.3,Manhattan,Throggs Neck,147649,14.3,139664,84.2,High,89.9,Manhattan,Throggs Neck,81.5,High,High,Good,Yes,77.7,Manhattan,Throggs Neck,0.55,164,Medium,0.5,5.86,59,-0.42
Throggs Neck East (2),Queens,Throggs Neck,2255,High,Apartments,60,140,609704,Queens,Throggs Neck,301.63,Moderate,Vandalism,2,Stable,Queens,Throggs Neck,63.9,24.0,High,23.6,Moderate,92.8,Queens,Throggs Neck,37.2,12,35,86.8,Medium,22.27,64.6,Queens,Throggs Neck,191.9,Low,87.9,7,362.9,145,Queens,Throggs Neck,7,35,Many,81.5,Good,7.3,Queens,Throggs Neck,176961,33.4,68408,73.5,Medium,87.8,Queens,Throggs Neck,68.9,Medium,Medium,Average,No,84.9,Queens,Throggs Neck,0.62,150,Medium,13.35,3.39,191,0.57
Brownsville East,Queens,Brownsville,3933,Low,Houses,56,74,609337,Queens,Brownsville,441.03,Moderate,Vandalism,2,Decreasing,Queens,Brownsville,83.0,34.2,Low,24.0,Moderate,67.6,Queens,Brownsville,60.1,17,89,65.1,High,16.98,35.6,Queens,Brownsville,189.6,High,68.3,5,493.2,179,Queens,Brownsville,10,57,Very Few,78.6,Average,7.6,Queens,Brownsville,60391,30.5,81136,84.4,High,85.3,Queens,Brownsville,75.0,High,High,Good,Yes,85.3,Queens,Brownsville,0.77,143,Low,7.53,1.75,115,0.96
Midtown Landing,Brooklyn,Midtown,2857,Medium,Apartments,32,68,974229,Brooklyn,Midtown,394.89,Moderate,Drug Offense,1,Stable,Brooklyn,Midtown,56.3,32.5,High,26.0,Low,64.9,Brooklyn,Midtown,37.7,12,52,81.2,Low,24.35,65.3,Brooklyn,Midtown,158.8,Medium,73.4,7,386.8,14,Brooklyn,Midtown,6,16,Very Few,60.8,Poor,18.8,Brooklyn,Midtown,245375,14.6,72479,86.4,High,91.1,Brooklyn,Midtown,90.8,Medium,Low,Excellent,Yes,79.9,Brooklyn,Midtown,0.61,179,High,3.44,7.38,39,4.75
Morningside Heights Park,Bronx,Morningside Heights,1991,High,Houses,42,79,481784,Bronx,Morningside Heights,497.9,Unsafe,Assault,1,Decreasing,Bronx,Morningside Heights,45.4,44.8,Medium,20.9,Low,97.4,Bronx,Morningside Heights,44.2,9,83,68.5,Medium,3.76,47.5,Bronx,Morningside Heights,159.5,Medium,74.1,5,455.7,188,Bronx,Morningside Heights,7,20,Many,56.0,Good,8.4,Bronx,Morningside Heights,100341,20.1,47976,86.6,Low,92.4,Bronx,Morningside Heights,69.4,High,High,Average,Yes,62.0,Bronx,Morningside Heights,0.5,98,Medium,13.07,2.22,62,3.9
Brooklyn Heights South,Manhattan,Brooklyn Heights,4302,Medium,Apartments,38,84,1104456,Manhattan,Brooklyn Heights,267.3,Moderate,Burglary,5,Increasing,Manhattan,Brooklyn Heights,94.3,5.0,Medium,17.7,Low,65.5,Manhattan,Brooklyn Heights,14.0,11,58,88.9,Low,14.37,72.1,Manhattan,Brooklyn Heights,286.2,Medium,80.1,9,765.5,247,Manhattan,Brooklyn Heights,5,53,Many,92.1,Excellent,15.1,Manhattan,Brooklyn Heights,114059,13.3,110031,94.9,High,88.5,Manhattan,Brooklyn Heights,89.1,Low,High,Excellent,Yes,70.2,Manhattan,Brooklyn Heights,0.62,125,High,3.24,7.92,42,3.21
Riverdale Gardens,Queens,Riverdale,2335,Medium,Apartments,69,81,791217,Queens,Riverdale,327.23,Moderate,Drug Offense,1,Increasing,Queens,Riverdale,49.1,10.9,Low,24.5,High,67.7,Queens,Riverdale,57.4,12,135,86.9,Medium,2.85,33.9,Queens,Riverdale,229.4,Medium,75.3,6,655.7,238,Queens,Riverdale,5,55,Many,62.8,Excellent,14.9,Queens,Riverdale,64833,27.6,59092,84.8,High,87.4,Queens,Riverdale,68.5,High,Medium,Excellent,Yes,61.0,Queens,Riverdale,0.51,114,Medium,11.58,3.99,111,1.5
Inwood Heights,Bronx,Inwood,1695,Medium,Apartments,37,42,281628,Bronx,Inwood,583.92,Unsafe,Drug Offense,2,Stable,Bronx,Inwood,75.6,28.2,Medium,24.3,Low,68.7,Bronx,Inwood,48.5,14,64,61.7,Low,13.2,34.2,Bronx,Inwood,135.4,High,69.0,4,428.5,241,Bronx,Inwood,8,10,Few,78.5,Good,14.4,Bronx,Inwood,112171,11.0,88594,74.1,Low,89.8,Bronx,Inwood,61.6,Medium,Low,Excellent,Yes,77.6,Bronx,Inwood,0.27,73,Medium,9.56,1.87,163,-0.17
Chelsea East (1),Manhattan,Chelsea,3110,Low,Apartments,49,132,715976,Manhattan,Chelsea,314.29,Moderate,Fraud,4,Decreasing,Manhattan,Chelsea,42.3,37.8,High,22.7,Low,66.3,Manhattan,Chelsea,32.0,20,143,87.0,High,20.4,75.6,Manhattan,Chelsea,324.5,High,91.2,8,625.8,106,Manhattan,Chelsea,19,37,Many,93.4,Excellent,19.6,Manhattan,Chelsea,133461,20.9,158170,95.3,High,85.8,Manhattan,Chelsea,90.9,Medium,Medium,Excellent,Yes,66.0,Manhattan,Chelsea,0.64,127,High,3.39,5.06,110,-0.64
Long Island City East,Queens,Long Island City,2962,Low,Apartments,67,103,478212,Queens,Long Island City,432.93,Moderate,Burglary,1,Decreasing,Queens,Long Island City,42.3,36.5,Low,23.2,Moderate,65.5,Queens,Long Island City,31.4,17,27,84.7,High,5.37,70.4,Queens,Long Island City,193.4,Low,88.4,7,426.9,272,Queens,Long Island City,8,51,Many,60.3,Poor,24.3,Queens,Long Island City,178613,11.7,57197,78.7,Low,87.2,Queens,Long Island City,84.8,Medium,High,Excellent,Yes,61.0,Queens,Long Island City,0.59,123,Medium,9.51,4.62,14,-0.37
St. George Park,Queens,St. George,3523,High,Apartments,35,66,695150,Queens,St. George,179.41,Safe,Fraud,2,Decreasing,Queens,St. George,51.0,28.5,Medium,23.2,Low,65.7,Queens,St. George,41.8,7,171,83.7,Low,13.93,38.1,Queens,St. George,217.9,High,66.5,7,253.8,52,Queens,St. George,7,15,Many,58.5,Excellent,19.7,Queens,St. George,78249,23.5,103756,70.6,Medium,85.0,Queens,St. George,72.0,High,Low,Good,No,80.5,Queens,St. George,0.7,119,High,12.84,5.25,169,3.32
Pelham Bay Village,Queens,Pelham Bay,2742,Low,Apartments,53,113,926465,Queens,Pelham Bay,373.46,Moderate,Vandalism,1,Decreasing,Queens,Pelham Bay,69.6,45.5,Low,21.9,Low,72.1,Queens,Pelham Bay,53.1,9,164,72.2,High,10.39,51.8,Queens,Pelham Bay,227.8,High,79.5,8,545.1,11,Queens,Pelham Bay,11,12,Few,57.9,Good,24.7,Queens,Pelham Bay,184627,17.5,55496,81.0,High,95.2,Queens,Pelham Bay,88.5,High,Medium,Good,Yes,84.3,Queens,Pelham Bay,0.69,123,High,11.99,4.84,15,4.38
St. George Landing,Brooklyn,St. George,2811,Medium,Apartments,24,88,704247,Brooklyn,St. George,337.72,Moderate,Robbery,1,Stable,Brooklyn,St. George,40.9,30.3,High,25.0,Low,70.2,Brooklyn,St. George,51.1,10,131,89.9,High,13.61,31.6,Brooklyn,St. George,198.7,High,83.5,8,528.1,255,Brooklyn,St. George,6,59,Few,73.4,Average,2.9,Brooklyn,St. George,190620,20.1,120968,90.6,High,97.3,Brooklyn,St. George,78.7,High,Low,Good,No,72.0,Brooklyn,St. George,0.67,156,High,4.18,3.67,42,1.85
Bay Ridge Park,Brooklyn,Bay Ridge,5083,High,Condos,42,95,905452,Brooklyn,Bay Ridge,365.02,Moderate,Burglary,3,Stable,Brooklyn,Bay Ridge,39.6,49.2,Medium,22.5,Low,95.4,Brooklyn,Bay Ridge,42.1,15,126,89.0,Low,6.32,47.9,Brooklyn,Bay Ridge,183.7,Medium,77.6,8,573.2,76,Brooklyn,Bay Ridge,9,22,Many,85.7,Good,9.5,Brooklyn,Bay Ridge,132769,34.2,119128,87.9,High,96.1,Brooklyn,Bay Ridge,93.7,Medium,Low,Excellent,Yes,75.8,Brooklyn,Bay Ridge,0.68,137,Medium,5.08,2.49,60,3.31
Bay Ridge West (1),Bronx,Bay Ridge,1370,High,Apartments,21,93,403837,Bronx,Bay Ridge,579.52,Unsafe,Theft,1,Increasing,Bronx,Bay Ridge,88.7,46.5,High,21.9,Moderate,69.9,Bronx,Bay Ridge,68.3,2,25,65.2,Medium,22.15,77.5,Bronx,Bay Ridge,217.0,Medium,62.1,7,756.5,185,Bronx,Bay Ridge,9,34,Few,50.2,Excellent,15.1,Bronx,Bay Ridge,199132,13.0,52581,65.0,High,84.5,Bronx,Bay Ridge,60.4,High,Low,Excellent,No,64.2,Bronx,Bay Ridge,0.51,109,High,17.33,0.99,117,1.86
Riverdale Park,Brooklyn,Riverdale,2523,Medium,Condos,49,163,1052383,Brooklyn,Riverdale,587.71,Unsafe,Fraud,3,Increasing,Brooklyn,Riverdale,35.8,32.6,Low,22.7,Moderate,76.8,Brooklyn,Riverdale,42.9,15,146,87.6,Medium,19.9,72.2,Brooklyn,Riverdale,128.9,High,88.4,8,218.3,229,Brooklyn,Riverdale,4,57,Many,66.0,Poor,19.8,Brooklyn,Riverdale,188333,32.2,101702,84.9,Medium,83.9,Brooklyn,Riverdale,84.2,Medium,High,Average,No,88.7,Brooklyn,Riverdale,0.42,121,High,5.04,4.19,111,2.3
Brighton Beach West,Bronx,Brighton Beach,1954,High,Apartments,69,87,515318,Bronx,Brighton Beach,605.43,Unsafe,Robbery,1,Decreasing,Bronx,Brighton Beach,71.4,17.0,High,18.8,Low,86.7,Bronx,Brighton Beach,51.1,4,193,76.2,Medium,7.43,35.1,Bronx,Brighton Beach,139.2,Low,84.5,6,342.5,158,Bronx,Brighton Beach,8,12,Few,58.3,Good,15.6,Bronx,Brighton Beach,102865,22.0,65239,81.2,High,95.4,Bronx,Brighton Beach,67.6,Medium,Medium,Good,No,90.5,Bronx,Brighton Beach,0.51,122,High,15.32,-1.79,190,1.49
Greenwich Village East (1),Manhattan,Greenwich Village,4805,High,Houses,35,169,1101217,Manhattan,Greenwich Village,329.56,Moderate,Theft,7,Decreasing,Manhattan,Greenwich Village,44.7,8.7,Medium,21.7,High,81.9,Manhattan,Greenwich Village,34.7,13,23,90.6,High,2.19,48.9,Manhattan,Greenwich Village,221.5,Low,90.6,8,380.0,199,Manhattan,Greenwich Village,7,47,Many,99.6,Average,2.3,Manhattan,Greenwich Village,187201,12.9,136135,94.8,Low,80.3,Manhattan,Greenwich Village,97.5,High,Medium,Excellent,Yes,60.8,Manhattan,Greenwich Village,0.73,197,High,2.69,5.93,182,1.93
Harlem Landing,Bronx,Harlem,3169,Medium,Apartments,72,40,497155,Bronx,Harlem,746.23,Unsafe,Theft,1,Stable,Bronx,Harlem,71.6,24.6,High,24.5,Low,91.8,Bronx,Harlem,48.6,4,164,73.3,Low,23.26,77.9,Bronx,Harlem,142.5,High,72.5,5,689.4,22,Bronx,Harlem,3,28,Few,61.7,Good,22.6,Bronx,Harlem,179535,25.5,83169,78.5,High,89.1,Bronx,Harlem,62.0,High,Medium,Good,Yes,77.9,Bronx,Harlem,0.57,132,High,15.92,0.3,28,0.01
Lower East Side West,Bronx,Lower East Side,1554,Low,Houses,49,44,367628,Bronx,Lower East Side,621.25,Unsafe,Theft,3,Stable,Bronx,Lower East Side,29.1,17.2,Medium,30.4,Low,86.0,Bronx,Lower East Side,54.5,4,73,82.5,High,20.05,58.4,Bronx,Lower East Side,108.4,High,70.4,6,760.4,148,Bronx,Lower East Side,4,26,Many,69.7,Good,20.4,Bronx,Lower East Side,114722,30.7,89909,73.1,Medium,82.5,Bronx,Lower East Side,67.6,High,High,Good,Yes,75.9,Bronx,Lower East Side,0.28,87,Low,14.51,2.41,83,-0.31
Park Slope Landing,Manhattan,Park Slope,2799,High,Apartments,14,170,364609,Manhattan,Park Slope,261.01,Moderate,Robbery,3,Decreasing,Manhattan,Park Slope,67.4,42.9,Medium,18.7,Low,67.6,Manhattan,Park Slope,37.7,17,64,93.0,Medium,13.47,45.3,Manhattan,Park Slope,164.5,High,91.0,9,629.5,237,Manhattan,Park Slope,14,39,Many,90.3,Average,17.8,Manhattan,Park Slope,193666,9.7,108758,80.9,High,92.2,Manhattan,Park Slope,84.1,Medium,Medium,Excellent,Yes,76.4,Manhattan,Park Slope,0.77,134,High,4.47,8.75,167,3.2
Hunts Point Park,Bronx,Hunts Point,1769,Medium,Apartments,18,89,449401,Bronx,Hunts Point,590.3,Unsafe,Vandalism,2,Decreasing,Bronx,Hunts Point,39.1,17.1,Medium,24.3,High,96.7,Bronx,Hunts Point,45.7,2,121,60.5,Low,18.49,58.3,Bronx,Hunts Point,195.7,Medium,69.7,7,634.5,140,Bronx,Hunts Point,2,26,Few,51.8,Excellent,8.3,Bronx,Hunts Point,139617,17.0,53759,65.6,High,86.9,Bronx,Hunts Point,61.5,Medium,High,Good,Yes,86.1,Bronx,Hunts Point,0.45,93,Medium,19.52,3.91,61,4.82
Chelsea Village (2),Queens,Chelsea,2069,Low,Apartments,39,65,835883,Queens,Chelsea,487.94,Unsafe,Burglary,1,Stable,Queens,Chelsea,34.6,53.5,Low,24.6,Moderate,67.5,Queens,Chelsea,39.8,7,74,86.3,High,20.74,39.5,Queens,Chelsea,178.3,High,89.3,8,240.2,249,Queens,Chelsea,8,31,Many,55.7,Average,23.1,Queens,Chelsea,129115,20.7,89286,75.5,High,90.5,Queens,Chelsea,68.8,Medium,High,Good,No,80.6,Queens,Chelsea,0.72,119,Low,14.33,5.15,114,2.3
Astoria Village,Brooklyn,Astoria,2225,Medium,Apartments,46,72,1414671,Brooklyn,Astoria,546.15,Unsafe,Assault,1,Decreasing,Brooklyn,Astoria,54.5,41.5,Medium,23.4,High,89.0,Brooklyn,Astoria,17.2,19,81,87.6,Medium,18.05,67.1,Brooklyn,Astoria,199.1,Medium,81.2,8,424.4,167,Brooklyn,Astoria,14,40,Many,77.3,Poor,22.9,Brooklyn,Astoria,281845,25.2,122643,73.0,High,80.3,Brooklyn,Astoria,73.4,High,Medium,Good,Yes,88.3,Brooklyn,Astoria,0.51,138,High,6.52,7.41,123,1.81
Lower East Side Gardens,Brooklyn,Lower East Side,2602,Medium,Apartments,96,89,1125777,Brooklyn,Lower East Side,444.55,Moderate,Burglary,4,Increasing,Brooklyn,Lower East Side,25.6,23.7,Low,22.5,Low,79.7,Brooklyn,Lower East Side,36.2,10,114,87.8,Medium,15.43,51.9,Brooklyn,Lower East Side,120.5,Medium,88.2,7,697.5,59,Brooklyn,Lower East Side,6,50,Few,93.1,Excellent,4.5,Brooklyn,Lower East Side,105692,32.0,67869,77.2,Low,92.2,Brooklyn,Lower East Side,94.2,Medium,Low,Excellent,Yes,88.4,Brooklyn,Lower East Side,0.45,175,High,4.23,7.63,61,1.54
Kew Gardens North (1),Manhattan,Kew Gardens,3203,Medium,Apartments,8,192,1616574,Manhattan,Kew Gardens,271.4,Moderate,Robbery,2,Stable,Manhattan,Kew Gardens,55.8,14.0,High,21.3,Low,76.3,Manhattan,Kew Gardens,26.7,25,144,83.7,High,11.92,54.9,Manhattan,Kew Gardens,254.8,Medium,80.5,8,699.2,25,Manhattan,Kew Gardens,12,56,Many,88.4,Average,11.0,Manhattan,Kew Gardens,242738,9.4,121890,84.7,High,85.7,Manhattan,Kew Gardens,80.6,Medium,Low,Excellent,Yes,93.9,Manhattan,Kew Gardens,0.87,141,Medium,3.3,8.47,164,2.31
Throggs Neck Heights,Manhattan,Throggs Neck,3891,Medium,Apartments,42,134,1088567,Manhattan,Throggs Neck,188.62,Safe,Robbery,7,Decreasing,Manhattan,Throggs Neck,57.4,11.6,Low,21.4,High,61.9,Manhattan,Throggs Neck,32.4,38,193,85.7,Medium,19.33,59.3,Manhattan,Throggs Neck,273.3,High,84.7,8,716.2,264,Manhattan,Throggs Neck,16,29,Many,70.6,Good,15.4,Manhattan,Throggs Neck,167115,12.9,106772,88.1,High,85.6,Manhattan,Throggs Neck,80.1,Medium,High,Good,No,94.8,Manhattan,Throggs Neck,0.77,180,High,4.96,9.95,36,-0.39
Throggs Neck Village,Brooklyn,Throggs Neck,3369,Low,Houses,43,151,827621,Brooklyn,Throggs Neck,507.64,Unsafe,Vandalism,1,Stable,Brooklyn,Throggs Neck,72.3,16.9,Low,25.2,Moderate,71.8,Brooklyn,Throggs Neck,36.7,24,176,79.2,Medium,8.95,37.9,Brooklyn,Throggs Neck,213.0,Medium,75.1,7,460.4,156,Brooklyn,Throggs Neck,5,66,Few,68.2,Good,6.5,Brooklyn,Throggs Neck,99459,23.3,132346,72.4,Medium,91.9,Brooklyn,Throggs Neck,89.0,High,High,Good,Yes,97.8,Brooklyn,Throggs Neck,0.42,151,Low,4.64,4.55,89,3.25
Brooklyn Heights Park,Brooklyn,Brooklyn Heights,3855,High,Apartments,59,126,465135,Brooklyn,Brooklyn Heights,354.0,Moderate,Vandalism,3,Increasing,Brooklyn,Brooklyn Heights,35.8,48.3,Medium,21.1,High,98.3,Brooklyn,Brooklyn Heights,23.9,11,176,86.0,High,6.26,58.9,Brooklyn,Brooklyn Heights,68.4,High,81.4,6,345.9,258,Brooklyn,Brooklyn Heights,9,15,Many,60.8,Average,2.3,Brooklyn,Brooklyn Heights,200690,18.4,101636,73.8,Medium,80.7,Brooklyn,Brooklyn Heights,90.7,High,Low,Good,No,76.6,Brooklyn,Brooklyn Heights,0.74,135,Medium,7.76,6.42,177,2.42
Kew Gardens North (2),Staten Island,Kew Gardens,1435,High,Apartments,54,17,447547,Staten Island,Kew Gardens,183.91,Safe,Theft,2,Decreasing,Staten Island,Kew Gardens,51.9,70.0,Medium,24.1,High,92.7,Staten Island,Kew Gardens,64.0,1,114,59.4,Medium,24.52,40.8,Staten Island,Kew Gardens,159.5,Medium,77.8,6,515.5,42,Staten Island,Kew Gardens,5,37,Very Few,84.7,Good,8.4,Staten Island,Kew Gardens,148100,7.3,85672,66.4,High,90.7,Staten Island,Kew Gardens,80.0,Medium,High,Good,Yes,91.6,Staten Island,Kew Gardens,0.24,67,High,18.17,3.54,181,0.61
Harlem South,Brooklyn,Harlem,3497,High,Apartments,39,166,988852,Brooklyn,Harlem,542.17,Unsafe,Fraud,4,Decreasing,Brooklyn,Harlem,31.8,24.3,Low,21.7,Low,94.4,Brooklyn,Harlem,41.7,19,136,73.9,Medium,6.33,78.8,Brooklyn,Harlem,218.9,High,92.3,6,535.0,263,Brooklyn,Harlem,13,67,Many,60.6,Good,2.7,Brooklyn,Harlem,113419,31.7,75402,72.6,Medium,80.8,Brooklyn,Harlem,82.6,Medium,High,Good,Yes,66.4,Brooklyn,Harlem,0.78,169,Medium,4.01,7.05,32,3.67
Riverdale Central,Brooklyn,Riverdale,2259,High,Apartments,60,144,1172630,Brooklyn,Riverdale,409.08,Moderate,Fraud,4,Decreasing,Brooklyn,Riverdale,57.0,52.8,Low,24.3,Moderate,85.5,Brooklyn,Riverdale,26.2,8,180,92.8,Low,6.15,73.8,Brooklyn,Riverdale,302.2,Medium,95.0,8,582.6,281,Brooklyn,Riverdale,10,50,Few,93.1,Good,7.3,Brooklyn,Riverdale,137353,28.8,107937,81.4,Low,85.5,Brooklyn,Riverdale,83.3,High,Low,Good,Yes,76.1,Brooklyn,Riverdale,0.41,110,High,5.72,2.38,189,2.65
Chelsea East (2),Queens,Chelsea,1498,Low,Apartments,49,41,964703,Queens,Chelsea,502.71,Unsafe,Vandalism,4,Decreasing,Queens,Chelsea,70.2,48.6,Medium,25.5,Low,91.3,Queens,Chelsea,41.8,17,184,75.8,Medium,12.92,66.2,Queens,Chelsea,115.9,High,81.1,5,612.0,147,Queens,Chelsea,11,49,Many,63.7,Good,7.2,Queens,Chelsea,91465,6.9,113774,75.8,High,94.9,Queens,Chelsea,78.0,Medium,High,Good,Yes,96.3,Queens,Chelsea,0.35,109,Medium,12.69,4.68,180,2.85
St. George Heights,Manhattan,St. George,4873,Medium,Condos,43,99,1101200,Manhattan,St. George,371.35,Moderate,Theft,4,Decreasing,Manhattan,St. George,50.4,30.7,Medium,23.0,Moderate,89.1,Manhattan,St. George,27.3,21,123,88.0,Medium,22.39,54.7,Manhattan,St. George,289.0,Medium,91.9,8,607.9,265,Manhattan,St. George,5,63,Few,88.4,Excellent,11.5,Manhattan,St. George,196704,15.7,110208,89.8,Medium,88.5,Manhattan,St. George,98.5,Low,High,Good,Yes,85.3,Manhattan,St. George,0.56,142,High,2.56,7.69,32,4.76
Upper West Side Park,Queens,Upper West Side,1250,Low,Condos,37,83,954468,Queens,Upper West Side,512.82,Unsafe,Burglary,2,Stable,Queens,Upper West Side,62.5,50.6,Medium,26.5,Moderate,78.5,Queens,Upper West Side,35.6,15,30,84.1,High,16.01,53.5,Queens,Upper West Side,183.4,Low,87.1,5,441.9,189,Queens,Upper West Side,6,23,Few,76.8,Excellent,14.4,Queens,Upper West Side,208440,24.7,93082,88.0,High,81.3,Queens,Upper West Side,80.2,Medium,Medium,Good,Yes,90.0,Queens,Upper West Side,0.4,120,Medium,9.13,3.94,126,2.05
Forest Hills Heights (1),Brooklyn,Forest Hills,3180,High,Apartments,42,173,633142,Brooklyn,Forest Hills,380.11,Moderate,Assault,5,Increasing,Brooklyn,Forest Hills,37.6,30.0,Low,24.1,Moderate,80.8,Brooklyn,Forest Hills,41.0,16,132,70.8,Low,23.13,31.5,Brooklyn,Forest Hills,302.7,High,71.8,7,524.0,174,Brooklyn,Forest Hills,7,39,Many,79.9,Good,16.1,Brooklyn,Forest Hills,212197,7.2,78033,93.3,High,89.6,Brooklyn,Forest Hills,70.9,High,Medium,Good,Yes,89.2,Brooklyn,Forest Hills,0.67,126,Low,3.19,7.39,72,3.11
East New York Heights (1),Brooklyn,East New York,4508,High,Apartments,57,162,1034451,Brooklyn,East New York,327.94,Moderate,Burglary,4,Stable,Brooklyn,East New York,59.9,13.7,Low,25.2,Moderate,98.1,Brooklyn,East New York,52.0,22,102,91.2,Low,16.11,47.9,Brooklyn,East New York,144.2,Medium,93.0,8,292.7,183,Brooklyn,East New York,4,15,Few,90.3,Excellent,21.6,Brooklyn,East New York,174739,14.1,103577,78.2,Medium,93.5,Brooklyn,East New York,87.4,Medium,Medium,Excellent,Yes,99.8,Brooklyn,East New York,0.56,102,Medium,3.06,3.96,81,0.84
Jackson Heights North,Manhattan,Jackson Heights,3119,Low,Apartments,57,116,1289192,Manhattan,Jackson Heights,246.16,Safe,Assault,2,Increasing,Manhattan,Jackson Heights,51.8,27.0,High,22.3,Moderate,78.9,Manhattan,Jackson Heights,26.7,17,94,96.7,Low,14.41,61.2,Manhattan,Jackson Heights,226.7,High,93.1,9,729.5,149,Manhattan,Jackson Heights,17,70,Many,97.4,Good,15.9,Manhattan,Jackson Heights,84596,5.5,80579,87.1,High,98.9,Manhattan,Jackson Heights,84.6,Medium,High,Average,Yes,92.7,Manhattan,Jackson Heights,0.71,147,High,1.14,7.85,160,1.75
Lower East Side East,Queens,Lower East Side,2617,Medium,Apartments,42,77,553244,Queens,Lower East Side,413.45,Moderate,Theft,1,Stable,Queens,Lower East Side,69.8,37.0,Medium,19.8,Moderate,79.2,Queens,Lower East Side,43.2,8,55,66.4,Medium,8.25,65.9,Queens,Lower East Side,207.0,High,69.4,5,718.7,90,Queens,Lower East Side,9,51,Many,55.8,Excellent,22.9,Queens,Lower East Side,188268,20.6,108143,87.8,Medium,84.6,Queens,Lower East Side,74.4,Medium,Medium,Excellent,Yes,68.4,Queens,Lower East Side,0.44,110,High,11.24,2.73,195,2.46
Maspeth East,Queens,Maspeth,2092,Medium,Condos,26,130,565180,Queens,Maspeth,393.23,Moderate,Robbery,3,Stable,Queens,Maspeth,35.3,31.9,High,20.5,Moderate,61.5,Queens,Maspeth,53.1,19,78,79.7,Medium,10.97,36.8,Queens,Maspeth,201.3,Medium,66.8,7,209.4,212,Queens,Maspeth,8,43,Few,89.7,Good,12.8,Queens,Maspeth,177188,32.4,62210,70.2,High,98.7,Queens,Maspeth,72.0,High,High,Good,Yes,86.2,Queens,Maspeth,0.42,155,High,6.73,5.72,108,3.02
Jamaica West (1),Queens,Jamaica,1897,Medium,Houses,38,84,776544,Queens,Jamaica,342.92,Moderate,Vandalism,4,Decreasing,Queens,Jamaica,67.4,52.1,Medium,25.6,Moderate,75.9,Queens,Jamaica,51.1,3,69,80.0,Medium,9.33,51.9,Queens,Jamaica,113.0,High,76.4,7,519.2,111,Queens,Jamaica,9,46,Many,59.6,Good,5.9,Queens,Jamaica,121276,9.7,108732,73.3,Medium,86.8,Queens,Jamaica,75.3,High,Medium,Average,Yes,73.6,Queens,Jamaica,0.75,93,High,14.1,4.48,184,-0.24
Morningside Heights North (1),Brooklyn,Morningside Heights,3800,Medium,Apartments,42,124,974318,Brooklyn,Morningside Heights,332.76,Moderate,Vandalism,3,Stable,Brooklyn,Morningside Heights,68.2,24.3,Medium,23.5,High,61.8,Brooklyn,Morningside Heights,24.2,10,106,90.7,Low,2.97,41.7,Brooklyn,Morningside Heights,137.0,High,79.6,7,610.0,61,Brooklyn,Morningside Heights,13,43,Few,63.9,Average,10.2,Brooklyn,Morningside Heights,288274,22.9,101800,92.6,Medium,87.7,Brooklyn,Morningside Heights,90.6,Medium,Low,Excellent,Yes,76.2,Brooklyn,Morningside Heights,0.57,136,High,8.08,5.34,101,2.98
Pelham Bay South,Bronx,Pelham Bay,1594,Medium,Houses,61,59,323400,Bronx,Pelham Bay,784.86,Unsafe,Drug Offense,2,Decreasing,Bronx,Pelham Bay,54.1,21.4,High,23.6,Low,76.2,Bronx,Pelham Bay,15.6,12,151,75.6,Low,12.68,68.2,Bronx,Pelham Bay,141.9,Medium,82.0,6,718.0,121,Bronx,Pelham Bay,2,34,Few,82.7,Average,6.6,Bronx,Pelham Bay,194066,26.8,40591,83.9,Medium,82.1,Bronx,Pelham Bay,67.1,High,High,Average,Yes,93.7,Bronx,Pelham Bay,0.3,128,Medium,12.31,-1.43,40,3.5
Park Slope Village,Manhattan,Park Slope,4087,High,Apartments,56,148,1161691,Manhattan,Park Slope,301.58,Moderate,Assault,4,Stable,Manhattan,Park Slope,75.8,18.2,Medium,24.1,Low,86.9,Manhattan,Park Slope,30.7,22,170,89.6,High,21.55,35.8,Manhattan,Park Slope,305.3,Low,87.6,9,227.6,245,Manhattan,Park Slope,16,53,Few,92.2,Poor,15.3,Manhattan,Park Slope,247258,16.5,129085,86.7,High,88.7,Manhattan,Park Slope,89.7,Medium,High,Excellent,Yes,92.8,Manhattan,Park Slope,0.83,192,High,4.06,6.78,173,0.53
Riverdale Landing,Brooklyn,Riverdale,2137,Medium,Condos,44,175,929045,Brooklyn,Riverdale,463.2,Unsafe,Fraud,1,Increasing,Brooklyn,Riverdale,90.1,33.4,Low,20.0,Moderate,73.2,Brooklyn,Riverdale,36.3,11,108,88.1,Medium,13.36,46.2,Brooklyn,Riverdale,152.5,High,71.0,7,363.0,123,Brooklyn,Riverdale,11,28,Few,94.7,Good,7.9,Brooklyn,Riverdale,84354,29.8,114607,81.1,Medium,90.2,Brooklyn,Riverdale,86.3,Medium,Medium,Good,Yes,61.3,Brooklyn,Riverdale,0.6,136,Medium,9.61,4.33,74,2.92
Jackson Heights Landing (1),Staten Island,Jackson Heights,1670,Medium,Apartments,49,82,464782,Staten Island,Jackson Heights,171.77,Safe,Fraud,3,Stable,Staten Island,Jackson Heights,61.0,25.6,Medium,29.7,Moderate,97.5,Staten Island,Jackson Heights,49.2,9,94,55.9,Medium,20.72,46.0,Staten Island,Jackson Heights,182.8,High,69.6,8,473.5,285,Staten Island,Jackson Heights,5,14,Many,68.4,Excellent,24.5,Staten Island,Jackson Heights,125680,9.8,78313,86.1,High,85.4,Staten Island,Jackson Heights,76.9,High,Medium,Excellent,Yes,72.8,Staten Island,Jackson Heights,0.24,92,Medium,14.43,0.51,27,1.85
Harlem North,Manhattan,Harlem,4891,Medium,Houses,59,104,1680371,Manhattan,Harlem,332.17,Moderate,Assault,3,Increasing,Manhattan,Harlem,29.6,44.5,Medium,24.1,High,71.7,Manhattan,Harlem,30.4,23,96,94.3,Low,12.86,51.0,Manhattan,Harlem,250.9,Low,82.6,9,517.4,237,Manhattan,Harlem,11,52,Few,81.6,Excellent,16.8,Manhattan,Harlem,248866,25.5,114633,81.5,High,86.4,Manhattan,Harlem,90.5,Medium,High,Average,Yes,61.3,Manhattan,Harlem,0.63,198,Medium,3.84,5.22,169,0.99
Brooklyn Heights Central,Bronx,Brooklyn Heights,1618,Low,Apartments,13,38,505962,Bronx,Brooklyn Heights,492.95,Unsafe,Theft,3,Stable,Bronx,Brooklyn Heights,69.7,24.2,Medium,20.4,Low,92.7,Bronx,Brooklyn Heights,52.8,8,161,78.1,Low,19.97,46.6,Bronx,Brooklyn Heights,173.3,Low,82.3,7,243.2,152,Bronx,Brooklyn Heights,8,34,Few,72.3,Good,3.6,Bronx,Brooklyn Heights,127737,26.7,84603,77.3,High,90.5,Bronx,Brooklyn Heights,80.3,Medium,Medium,Average,Yes,93.9,Bronx,Brooklyn Heights,0.49,98,Medium,8.25,-1.95,97,3.07
Williamsburg Village,Brooklyn,Williamsburg,3152,Low,Houses,66,71,1289174,Brooklyn,Williamsburg,410.73,Moderate,Fraud,5,Decreasing,Brooklyn,Williamsburg,36.1,45.2,Medium,20.4,Moderate,72.5,Brooklyn,Williamsburg,40.9,17,33,88.3,Low,16.95,48.2,Brooklyn,Williamsburg,204.9,Medium,85.2,6,662.7,214,Brooklyn,Williamsburg,13,54,Many,77.6,Good,7.6,Brooklyn,Williamsburg,170838,17.7,110713,82.3,High,90.8,Brooklyn,Williamsburg,81.2,Medium,Medium,Good,No,94.8,Brooklyn,Williamsburg,0.48,153,Medium,6.94,2.37,68,-0.03
Jackson Heights East (1),Bronx,Jackson Heights,1959,Low,Mixed-use,66,89,565764,Bronx,Jackson Heights,745.06,Unsafe,Vandalism,1,Increasing,Bronx,Jackson Heights,69.7,33.8,Medium,24.0,Low,61.6,Bronx,Jackson Heights,48.4,6,23,65.9,Medium,4.96,35.5,Bronx,Jackson Heights,164.8,High,67.3,6,650.4,158,Bronx,Jackson Heights,3,12,Many,81.7,Excellent,6.6,Bronx,Jackson Heights,143741,25.0,77258,69.4,Medium,98.9,Bronx,Jackson Heights,80.4,High,Medium,Average,No,63.0,Bronx,Jackson Heights,0.56,138,Medium,12.93,0.52,131,-0.84
Flatbush Gardens,Bronx,Flatbush,2577,Medium,Apartments,61,45,542577,Bronx,Flatbush,507.44,Unsafe,Drug Offense,1,Stable,Bronx,Flatbush,106.2,38.1,Low,22.1,Low,90.9,Bronx,Flatbush,46.7,10,113,69.2,Low,9.79,76.0,Bronx,Flatbush,80.0,High,71.9,6,212.0,91,Bronx,Flatbush,5,36,Many,77.4,Good,24.4,Bronx,Flatbush,171938,7.6,43830,84.4,Medium,89.9,Bronx,Flatbush,66.2,High,Medium,Good,No,62.7,Bronx,Flatbush,0.29,71,High,18.43,0.19,109,0.45
SoHo West,Bronx,SoHo,1966,Medium,Mixed-use,40,78,490197,Bronx,SoHo,608.86,Unsafe,Burglary,1,Stable,Bronx,SoHo,37.7,24.7,Medium,22.8,High,83.8,Bronx,SoHo,48.0,11,149,64.6,Medium,18.68,39.6,Bronx,SoHo,235.4,Medium,62.9,5,306.1,158,Bronx,SoHo,9,25,Many,64.9,Average,14.6,Bronx,SoHo,162071,30.1,60801,65.3,High,80.3,Bronx,SoHo,76.3,Medium,Medium,Average,No,80.5,Bronx,SoHo,0.51,86,Medium,8.77,0.8,147,0.6
Ridgewood East,Brooklyn,Ridgewood,3019,Medium,Condos,88,77,905951,Brooklyn,Ridgewood,449.7,Moderate,Robbery,1,Stable,Brooklyn,Ridgewood,54.1,38.9,Medium,24.9,Moderate,81.8,Brooklyn,Ridgewood,40.4,22,165,72.9,Medium,2.73,54.2,Brooklyn,Ridgewood,187.7,High,87.1,8,481.0,52,Brooklyn,Ridgewood,13,48,Many,61.9,Good,15.2,Brooklyn,Ridgewood,242427,21.2,98271,93.0,Low,95.4,Brooklyn,Ridgewood,77.6,Medium,High,Average,No,66.9,Brooklyn,Ridgewood,0.7,128,High,8.12,2.99,32,2.43
Hunts Point East,Staten Island,Hunts Point,2170,Medium,Condos,99,12,414422,Staten Island,Hunts Point,316.42,Moderate,Fraud,4,Decreasing,Staten Island,Hunts Point,55.1,29.8,Medium,21.9,Low,97.4,Staten Island,Hunts Point,37.4,6,147,71.8,Medium,3.72,53.0,Staten Island,Hunts Point,119.6,Low,66.8,8,519.5,228,Staten Island,Hunts Point,7,17,Few,81.1,Poor,19.4,Staten Island,Hunts Point,110972,29.4,84425,66.0,Low,81.1,Staten Island,Hunts Point,83.0,High,Medium,Excellent,No,62.7,Staten Island,Hunts Point,0.29,79,High,20.72,0.36,138,2.46
Rego Park South,Brooklyn,Rego Park,2817,Medium,Condos,48,74,926996,Brooklyn,Rego Park,403.14,Moderate,Theft,2,Decreasing,Brooklyn,Rego Park,43.4,20.0,Medium,24.7,Moderate,79.8,Brooklyn,Rego Park,30.2,11,84,84.0,Medium,22.3,57.2,Brooklyn,Rego Park,240.5,Medium,78.2,6,601.7,58,Brooklyn,Rego Park,7,55,Very Few,92.8,Average,4.1,Brooklyn,Rego Park,244743,7.5,61598,81.4,High,88.2,Brooklyn,Rego Park,92.0,Low,High,Average,No,79.1,Brooklyn,Rego Park,0.57,108,Medium,7.79,3.98,156,0.74
Brownsville Village,Manhattan,Brownsville,5449,High,Apartments,59,187,405824,Manhattan,Brownsville,224.31,Safe,Robbery,4,Increasing,Manhattan,Brownsville,35.4,18.5,High,23.4,Low,91.8,Manhattan,Brownsville,28.3,20,70,89.8,Low,17.26,71.7,Manhattan,Brownsville,259.7,High,93.8,9,388.8,288,Manhattan,Brownsville,12,56,Many,96.0,Excellent,11.5,Manhattan,Brownsville,219191,8.5,159277,96.1,Medium,80.1,Manhattan,Brownsville,86.7,Medium,Medium,Excellent,Yes,75.4,Manhattan,Brownsville,0.93,167,High,3.98,4.81,157,-0.45
Upper West Side North,Brooklyn,Upper West Side,3057,Medium,Apartments,96,91,1113096,Brooklyn,Upper West Side,336.98,Moderate,Drug Offense,3,Stable,Brooklyn,Upper West Side,55.3,18.8,Medium,22.2,Moderate,83.5,Brooklyn,Upper West Side,29.7,24,152,93.9,Medium,10.51,33.6,Brooklyn,Upper West Side,287.0,High,81.1,7,517.5,242,Brooklyn,Upper West Side,7,40,Many,64.8,Excellent,12.4,Brooklyn,Upper West Side,256820,27.8,63406,93.4,High,95.9,Brooklyn,Upper West Side,70.4,High,Medium,Good,Yes,91.7,Brooklyn,Upper West Side,0.69,115,High,5.54,3.41,34,-0.7
Ridgewood Gardens,Queens,Ridgewood,2109,High,Houses,31,123,660052,Queens,Ridgewood,287.86,Moderate,Vandalism,4,Decreasing,Queens,Ridgewood,81.4,51.2,Medium,22.3,Low,99.6,Queens,Ridgewood,30.3,10,111,71.1,Low,13.96,40.7,Queens,Ridgewood,114.1,High,65.4,8,763.4,126,Queens,Ridgewood,10,20,Few,84.4,Excellent,11.2,Queens,Ridgewood,148612,33.1,90238,84.7,Low,98.8,Queens,Ridgewood,84.9,Medium,High,Average,Yes,61.8,Queens,Ridgewood,0.54,128,High,14.2,4.05,95,2.53
Greenwich Village East (2),Queens,Greenwich Village,2319,High,Condos,54,69,579281,Queens,Greenwich Village,413.73,Moderate,Burglary,1,Decreasing,Queens,Greenwich Village,50.5,29.2,Medium,25.0,Low,86.8,Queens,Greenwich Village,48.4,15,45,65.9,Medium,19.76,46.9,Queens,Greenwich Village,169.3,Medium,72.9,6,212.3,227,Queens,Greenwich Village,10,13,Few,71.0,Good,24.7,Queens,Greenwich Village,67931,29.0,85974,68.7,Medium,94.7,Queens,Greenwich Village,83.6,Medium,High,Good,Yes,75.1,Queens,Greenwich Village,0.58,145,Medium,6.87,2.74,37,2.19
Flatbush East,Queens,Flatbush,2946,Low,Apartments,27,107,663239,Queens,Flatbush,204.5,Safe,Burglary,1,Stable,Queens,Flatbush,54.0,62.8,Medium,23.1,Moderate,63.5,Queens,Flatbush,44.0,9,70,83.8,Medium,20.46,55.8,Queens,Flatbush,137.1,High,75.5,7,342.9,120,Queens,Flatbush,4,40,Few,56.1,Excellent,3.3,Queens,Flatbush,185217,6.4,93989,75.2,High,92.5,Queens,Flatbush,83.3,Low,Medium,Good,No,85.2,Queens,Flatbush,0.51,109,High,12.81,2.12,62,1.82
Fordham Heights,Staten Island,Fordham,2492,Medium,Mixed-use,61,55,478601,Staten Island,Fordham,121.98,Safe,Assault,4,Increasing,Staten Island,Fordham,40.8,53.8,Low,23.5,Low,77.8,Staten Island,Fordham,36.2,9,132,76.9,High,4.56,47.7,Staten Island,Fordham,149.8,Low,87.9,6,700.1,204,Staten Island,Fordham,6,28,Few,72.7,Average,11.1,Staten Island,Fordham,79215,15.0,67505,81.6,Medium,90.1,Staten Island,Fordham,73.0,Medium,Low,Average,Yes,98.6,Staten Island,Fordham,0.34,113,High,23.85,3.55,176,0.9
SoHo South,Brooklyn,SoHo,3145,Medium,Condos,31,152,870162,Brooklyn,SoHo,355.28,Moderate,Vandalism,4,Increasing,Brooklyn,SoHo,33.7,30.7,High,23.3,Moderate,78.3,Brooklyn,SoHo,50.7,12,40,85.1,Medium,13.04,75.3,Brooklyn,SoHo,167.3,Medium,84.3,8,731.7,223,Brooklyn,SoHo,7,69,Many,69.1,Excellent,21.4,Brooklyn,SoHo,235083,6.2,139973,80.5,Medium,86.5,Brooklyn,SoHo,82.4,Medium,High,Excellent,No,62.3,Brooklyn,SoHo,0.56,167,Medium,4.36,4.41,115,3.39
Flatbush North,Manhattan,Flatbush,2787,Medium,Houses,32,136,1222188,Manhattan,Flatbush,391.99,Moderate,Fraud,7,Decreasing,Manhattan,Flatbush,61.3,16.9,Low,21.6,Moderate,77.9,Manhattan,Flatbush,36.3,27,186,92.1,High,9.39,57.2,Manhattan,Flatbush,251.1,Medium,80.7,9,695.7,189,Manhattan,Flatbush,14,44,Many,96.2,Excellent,10.1,Manhattan,Flatbush,234065,21.0,117832,95.0,High,97.9,Manhattan,Flatbush,91.3,Medium,High,Average,Yes,96.8,Manhattan,Flatbush,0.51,145,Low,4.92,5.38,181,3.96
Jamaica West (2),Manhattan,Jamaica,3700,Low,Mixed-use,33,141,1626151,Manhattan,Jamaica,160.29,Safe,Assault,6,Decreasing,Manhattan,Jamaica,37.6,12.3,Medium,24.4,Moderate,93.1,Manhattan,Jamaica,24.0,13,78,84.5,Medium,16.15,75.5,Manhattan,Jamaica,354.0,High,85.0,8,644.2,268,Manhattan,Jamaica,16,56,Few,87.4,Good,3.6,Manhattan,Jamaica,108013,23.8,153452,88.2,High,94.7,Manhattan,Jamaica,92.7,High,High,Excellent,Yes,63.0,Manhattan,Jamaica,0.7,174,Medium,1.62,6.52,130,2.75
Forest Hills Central,Bronx,Forest Hills,3017,Low,Apartments,75,108,390065,Bronx,Forest Hills,928.29,Unsafe,Drug Offense,2,Decreasing,Bronx,Forest Hills,79.2,18.3,Low,21.7,Low,85.6,Bronx,Forest Hills,58.3,2,97,64.5,Low,21.55,77.3,Bronx,Forest Hills,123.8,High,65.9,7,345.9,258,Bronx,Forest Hills,7,43,Few,59.4,Average,10.9,Bronx,Forest Hills,183930,14.2,69537,73.5,High,90.1,Bronx,Forest Hills,75.2,Medium,High,Good,Yes,92.8,Bronx,Forest Hills,0.23,121,Medium,14.76,-0.8,172,4.5
Morningside Heights Central,Bronx,Morningside Heights,2797,Low,Apartments,37,28,394849,Bronx,Morningside Heights,570.1,Unsafe,Fraud,2,Decreasing,Bronx,Morningside Heights,56.7,22.5,Medium,23.8,Low,79.3,Bronx,Morningside Heights,35.7,9,55,66.2,High,20.68,50.6,Bronx,Morningside Heights,134.8,Medium,68.0,5,456.6,196,Bronx,Morningside Heights,9,29,Few,83.5,Excellent,7.4,Bronx,Morningside Heights,76246,26.2,63166,74.4,Low,80.8,Bronx,Morningside Heights,76.6,Medium,Medium,Good,Yes,67.4,Bronx,Morningside Heights,0.55,101,Medium,13.58,1.4,106,-0.09
Sunset Park East (1),Staten Island,Sunset Park,1965,Medium,Apartments,27,34,481242,Staten Island,Sunset Park,167.48,Safe,Theft,3,Decreasing,Staten Island,Sunset Park,66.8,37.3,Medium,26.0,Moderate,84.2,Staten Island,Sunset Park,46.5,7,122,72.4,Low,4.25,72.8,Staten Island,Sunset Park,129.4,Medium,75.0,5,536.5,11,Staten Island,Sunset Park,4,24,Few,74.4,Excellent,11.9,Staten Island,Sunset Park,140452,13.7,86770,77.8,Low,90.1,Staten Island,Sunset Park,66.0,High,Medium,Good,Yes,88.3,Staten Island,Sunset Park,0.35,94,High,15.77,2.22,59,3.03
Bronx Park Park (1),Brooklyn,Bronx Park,3073,Low,Condos,25,149,1076820,Brooklyn,Bronx Park,449.5,Moderate,Assault,3,Increasing,Brooklyn,Bronx Park,68.6,13.7,High,22.7,Low,77.7,Brooklyn,Bronx Park,31.4,11,113,70.3,Low,18.25,55.6,Brooklyn,Bronx Park,234.1,High,81.6,6,722.2,277,Brooklyn,Bronx Park,4,48,Many,60.1,Poor,24.6,Brooklyn,Bronx Park,136319,20.0,94029,88.3,High,95.6,Brooklyn,Bronx Park,83.4,High,Medium,Average,Yes,91.5,Brooklyn,Bronx Park,0.78,136,High,4.46,4.62,65,1.09
Upper East Side South,Queens,Upper East Side,2525,Medium,Condos,35,154,854571,Queens,Upper East Side,295.58,Moderate,Fraud,4,Decreasing,Queens,Upper East Side,83.5,37.1,Low,21.3,High,93.3,Queens,Upper East Side,42.1,17,175,80.4,Medium,19.65,59.5,Queens,Upper East Side,223.6,High,66.0,7,630.7,85,Queens,Upper East Side,7,11,Many,77.1,Average,21.6,Queens,Upper East Side,112644,10.2,115054,90.7,Medium,98.8,Queens,Upper East Side,82.1,Medium,Medium,Average,Yes,96.7,Queens,Upper East Side,0.38,121,Medium,10.91,1.5,159,0.31
Sunset Park Heights,Queens,Sunset Park,3126,High,Houses,37,58,787589,Queens,Sunset Park,334.36,Moderate,Drug Offense,1,Stable,Queens,Sunset Park,93.2,18.9,Medium,25.2,Low,69.7,Queens,Sunset Park,36.6,18,191,84.8,High,12.61,33.7,Queens,Sunset Park,143.2,High,65.9,6,247.5,209,Queens,Sunset Park,7,44,Many,86.5,Average,16.5,Queens,Sunset Park,73196,23.5,108008,74.5,Medium,82.3,Queens,Sunset Park,85.4,Medium,High,Excellent,Yes,95.0,Queens,Sunset Park,0.66,118,Medium,8.85,5.41,162,2.17
Inwood Gardens,Manhattan,Inwood,3960,Medium,Condos,55,92,1119409,Manhattan,Inwood,265.59,Moderate,Robbery,2,Increasing,Manhattan,Inwood,41.0,8.2,Medium,20.5,Moderate,67.7,Manhattan,Inwood,25.3,12,125,98.9,Medium,6.56,75.4,Manhattan,Inwood,258.3,Low,95.8,8,794.9,201,Manhattan,Inwood,12,22,Many,90.7,Poor,24.6,Manhattan,Inwood,239624,23.9,95131,91.3,High,80.5,Manhattan,Inwood,97.0,High,High,Excellent,Yes,91.9,Manhattan,Inwood,0.96,198,High,3.94,7.0,154,1.69
Fordham Park,Manhattan,Fordham,4971,High,Houses,54,124,1005242,Manhattan,Fordham,193.55,Safe,Drug Offense,6,Decreasing,Manhattan,Fordham,44.0,16.6,Medium,22.3,Low,78.6,Manhattan,Fordham,40.8,14,53,82.4,Medium,13.85,78.8,Manhattan,Fordham,229.1,Medium,81.5,8,787.7,59,Manhattan,Fordham,17,21,Few,79.7,Good,13.2,Manhattan,Fordham,182214,10.4,94134,82.3,Medium,91.9,Manhattan,Fordham,97.1,Medium,High,Excellent,Yes,89.4,Manhattan,Fordham,0.91,146,High,3.04,8.3,67,4.98
Tompkinsville Landing (1),Bronx,Tompkinsville,1816,Low,Houses,31,72,463204,Bronx,Tompkinsville,616.73,Unsafe,Burglary,1,Increasing,Bronx,Tompkinsville,61.7,21.0,Medium,21.4,Low,81.0,Bronx,Tompkinsville,58.4,4,71,69.1,Low,11.98,71.2,Bronx,Tompkinsville,155.1,High,75.8,6,342.7,33,Bronx,Tompkinsville,9,49,Many,64.6,Excellent,10.2,Bronx,Tompkinsville,77892,15.7,84908,74.2,Low,80.2,Bronx,Tompkinsville,76.9,Medium,High,Excellent,No,61.7,Bronx,Tompkinsville,0.41,99,Medium,16.14,2.62,66,4.52
Forest Hills Gardens,Queens,Forest Hills,2796,Medium,Apartments,45,135,666142,Queens,Forest Hills,477.35,Unsafe,Vandalism,4,Decreasing,Queens,Forest Hills,69.4,5.0,High,23.0,Moderate,82.5,Queens,Forest Hills,37.7,12,172,86.1,Medium,15.44,38.1,Queens,Forest Hills,174.0,High,80.8,8,577.3,294,Queens,Forest Hills,3,54,Few,89.8,Average,10.5,Queens,Forest Hills,243138,13.0,87234,69.0,High,96.9,Queens,Forest Hills,73.3,High,High,Average,No,95.8,Queens,Forest Hills,0.69,115,High,10.45,2.13,107,-0.13
Pelham Bay Landing (1),Bronx,Pelham Bay,1404,High,Houses,57,117,463896,Bronx,Pelham Bay,602.89,Unsafe,Drug Offense,1,Decreasing,Bronx,Pelham Bay,27.2,31.3,High,24.1,Moderate,69.8,Bronx,Pelham Bay,64.6,9,79,79.7,Low,17.3,74.0,Bronx,Pelham Bay,61.3,High,63.1,5,762.9,235,Bronx,Pelham Bay,3,32,Very Few,52.8,Poor,18.6,Bronx,Pelham Bay,149864,6.8,51932,82.9,High,82.2,Bronx,Pelham Bay,58.5,Medium,Low,Good,Yes,89.5,Bronx,Pelham Bay,0.28,105,Medium,10.73,3.86,199,0.32
Brownsville South,Bronx,Brownsville,2981,Medium,Houses,76,115,472444,Bronx,Brownsville,587.53,Unsafe,Theft,1,Decreasing,Bronx,Brownsville,44.9,31.4,Medium,24.2,High,61.2,Bronx,Brownsville,34.2,3,112,77.1,Medium,16.99,55.8,Bronx,Brownsville,112.5,High,69.3,4,738.3,71,Bronx,Brownsville,2,22,Few,54.3,Average,16.1,Bronx,Brownsville,205775,8.6,55287,77.0,High,90.0,Bronx,Brownsville,74.0,Medium,High,Excellent,No,78.5,Bronx,Brownsville,0.41,104,Medium,19.76,2.85,127,-0.23
Astoria Landing,Manhattan,Astoria,4701,Medium,Apartments,48,101,988831,Manhattan,Astoria,263.13,Moderate,Drug Offense,4,Stable,Manhattan,Astoria,20.0,30.2,Low,20.8,Low,67.6,Manhattan,Astoria,35.7,33,57,95.5,Medium,22.21,42.0,Manhattan,Astoria,256.4,High,98.9,9,345.2,17,Manhattan,Astoria,14,38,Many,86.4,Good,21.5,Manhattan,Astoria,113630,7.8,130227,89.2,Medium,81.3,Manhattan,Astoria,92.1,High,High,Excellent,Yes,82.7,Manhattan,Astoria,0.6,170,Medium,1.83,3.06,135,-0.44
Maspeth West,Queens,Maspeth,2745,High,Apartments,48,49,645556,Queens,Maspeth,304.53,Moderate,Fraud,1,Stable,Queens,Maspeth,60.0,37.4,Low,24.5,Moderate,68.9,Queens,Maspeth,53.3,14,20,82.5,Medium,6.13,72.1,Queens,Maspeth,170.9,High,85.2,7,526.7,56,Queens,Maspeth,10,13,Many,70.5,Excellent,24.7,Queens,Maspeth,156959,14.2,63793,73.9,High,83.6,Queens,Maspeth,78.5,Medium,High,Good,Yes,65.8,Queens,Maspeth,0.49,122,High,9.15,5.94,59,1.5
Jackson Heights East (2),Brooklyn,Jackson Heights,4414,Medium,Condos,76,111,752025,Brooklyn,Jackson Heights,426.46,Moderate,Vandalism,1,Decreasing,Brooklyn,Jackson Heights,53.1,37.5,Medium,25.0,High,79.6,Brooklyn,Jackson Heights,52.0,24,171,89.8,Medium,3.89,61.0,Brooklyn,Jackson Heights,176.2,High,76.3,6,748.5,100,Brooklyn,Jackson Heights,11,54,Many,76.8,Good,6.6,Brooklyn,Jackson Heights,264986,34.2,127432,89.2,Medium,89.0,Brooklyn,Jackson Heights,85.6,Medium,Medium,Excellent,No,87.5,Brooklyn,Jackson Heights,0.47,158,Medium,8.63,2.79,112,4.42
New Dorp South,Manhattan,New Dorp,4140,Low,Condos,1,118,765595,Manhattan,New Dorp,245.61,Safe,Vandalism,3,Stable,Manhattan,New Dorp,28.3,23.2,High,24.1,High,70.3,Manhattan,New Dorp,32.3,18,44,96.7,Medium,18.02,36.5,Manhattan,New Dorp,243.0,Medium,97.0,8,284.8,188,Manhattan,New Dorp,12,66,Many,80.7,Average,5.0,Manhattan,New Dorp,173599,33.8,122655,80.0,High,90.0,Manhattan,New Dorp,96.6,High,High,Good,Yes,85.8,Manhattan,New Dorp,0.64,141,Low,2.64,6.24,116,0.33
Riverdale Heights,Brooklyn,Riverdale,3583,Low,Apartments,67,106,801059,Brooklyn,Riverdale,601.98,Unsafe,Fraud,4,Decreasing,Brooklyn,Riverdale,65.5,26.8,Medium,23.9,High,76.8,Brooklyn,Riverdale,23.3,13,41,76.0,Medium,13.08,35.0,Brooklyn,Riverdale,240.6,Medium,79.6,7,413.3,151,Brooklyn,Riverdale,12,45,Many,82.1,Excellent,11.0,Brooklyn,Riverdale,279754,7.6,116367,89.3,High,96.1,Brooklyn,Riverdale,72.3,Medium,Medium,Good,Yes,72.5,Brooklyn,Riverdale,0.54,127,Low,7.38,6.39,20,2.17
Fordham Landing,Bronx,Fordham,2555,Low,Mixed-use,22,40,429982,Bronx,Fordham,723.81,Unsafe,Burglary,3,Decreasing,Bronx,Fordham,54.2,40.2,Medium,26.0,Low,89.0,Bronx,Fordham,38.0,8,190,75.8,Medium,10.82,45.2,Bronx,Fordham,182.9,High,69.0,5,609.8,138,Bronx,Fordham,8,14,Very Few,63.7,Good,14.2,Bronx,Fordham,84630,20.1,65212,72.6,High,92.4,Bronx,Fordham,70.9,Medium,Medium,Average,Yes,69.4,Bronx,Fordham,0.4,98,Medium,15.87,-1.92,131,3.8
Lower East Side Heights,Brooklyn,Lower East Side,1707,High,Apartments,40,117,786666,Brooklyn,Lower East Side,399.55,Moderate,Drug Offense,1,Increasing,Brooklyn,Lower East Side,81.0,63.9,Medium,22.2,Low,80.9,Brooklyn,Lower East Side,34.7,5,102,93.7,Low,16.46,79.2,Brooklyn,Lower East Side,155.6,Medium,82.2,7,371.2,120,Brooklyn,Lower East Side,11,35,Few,86.2,Average,22.6,Brooklyn,Lower East Side,93869,18.7,102533,77.3,High,95.3,Brooklyn,Lower East Side,77.2,Medium,High,Excellent,No,62.9,Brooklyn,Lower East Side,0.48,159,High,8.88,7.03,109,2.99
Kew Gardens North (3),Bronx,Kew Gardens,2076,Medium,Apartments,73,34,337361,Bronx,Kew Gardens,446.48,Moderate,Fraud,3,Increasing,Bronx,Kew Gardens,39.5,22.0,Medium,21.7,Low,84.7,Bronx,Kew Gardens,64.3,11,117,62.5,Medium,18.24,45.7,Bronx,Kew Gardens,225.8,High,65.6,4,776.5,126,Bronx,Kew Gardens,7,9,Many,73.7,Poor,23.2,Bronx,Kew Gardens,202588,31.4,73661,67.5,Medium,81.2,Bronx,Kew Gardens,62.3,High,Medium,Average,Yes,90.5,Bronx,Kew Gardens,0.23,127,High,18.84,-0.67,42,1.65
Midtown Park (1),Manhattan,Midtown,3822,Medium,Houses,59,172,1055468,Manhattan,Midtown,371.13,Moderate,Drug Offense,5,Stable,Manhattan,Midtown,57.8,24.5,High,22.2,Moderate,81.0,Manhattan,Midtown,40.6,27,103,99.9,Low,14.94,63.1,Manhattan,Midtown,199.5,High,82.0,9,651.4,137,Manhattan,Midtown,17,39,Many,79.4,Excellent,15.3,Manhattan,Midtown,70952,25.1,98138,91.0,High,92.2,Manhattan,Midtown,81.5,Medium,High,Average,Yes,85.0,Manhattan,Midtown,0.66,188,High,4.2,6.71,121,0.43
Bay Ridge West (2),Brooklyn,Bay Ridge,3505,Low,Mixed-use,51,112,711126,Brooklyn,Bay Ridge,349.32,Moderate,Assault,5,Increasing,Brooklyn,Bay Ridge,27.4,18.8,Low,25.2,Low,98.6,Brooklyn,Bay Ridge,36.8,24,124,77.3,Low,6.23,38.5,Brooklyn,Bay Ridge,215.4,Medium,78.4,7,217.6,222,Brooklyn,Bay Ridge,8,26,Few,68.0,Excellent,20.1,Brooklyn,Bay Ridge,132918,7.3,139623,93.0,High,83.8,Brooklyn,Bay Ridge,80.2,Medium,High,Good,Yes,98.9,Brooklyn,Bay Ridge,0.67,158,High,5.61,6.4,153,-0.91
Brownsville Park (1),Manhattan,Brownsville,4054,High,Condos,16,96,797617,Manhattan,Brownsville,228.7,Safe,Drug Offense,4,Decreasing,Manhattan,Brownsville,77.4,18.0,Medium,24.6,High,96.4,Manhattan,Brownsville,39.0,26,183,87.2,Low,21.78,63.2,Manhattan,Brownsville,283.3,Medium,95.1,9,433.3,109,Manhattan,Brownsville,19,30,Many,96.3,Excellent,17.0,Manhattan,Brownsville,185480,5.0,92129,87.8,Low,81.0,Manhattan,Brownsville,97.0,High,High,Average,Yes,80.8,Manhattan,Brownsville,0.94,129,Medium,4.24,6.34,158,3.65
Jackson Heights South,Brooklyn,Jackson Heights,3424,Medium,Apartments,25,176,988931,Brooklyn,Jackson Heights,304.66,Moderate,Theft,4,Increasing,Brooklyn,Jackson Heights,50.3,17.7,Medium,21.7,Low,66.5,Brooklyn,Jackson Heights,43.4,11,194,81.5,Medium,13.25,66.5,Brooklyn,Jackson Heights,233.1,Medium,76.7,6,577.1,33,Brooklyn,Jackson Heights,6,49,Many,92.8,Good,2.7,Brooklyn,Jackson Heights,290388,28.5,126762,85.6,Medium,92.0,Brooklyn,Jackson Heights,85.0,Medium,Medium,Good,Yes,93.2,Brooklyn,Jackson Heights,0.44,169,Medium,6.49,3.51,115,-0.11
Coney Island East,Queens,Coney Island,2232,Low,Apartments,84,111,416568,Queens,Coney Island,328.39,Moderate,Assault,4,Increasing,Queens,Coney Island,62.7,18.6,Medium,24.9,Low,71.6,Queens,Coney Island,43.1,11,43,76.5,Medium,9.81,50.8,Queens,Coney Island,177.5,High,73.0,5,589.4,56,Queens,Coney Island,7,56,Many,65.7,Good,20.9,Queens,Coney Island,219965,14.3,62127,81.4,Medium,82.2,Queens,Coney Island,89.2,Low,Medium,Excellent,Yes,91.9,Queens,Coney Island,0.45,93,Medium,9.03,1.09,15,1.39
Jamaica Landing (1),Manhattan,Jamaica,3853,Low,Mixed-use,70,112,1470547,Manhattan,Jamaica,305.13,Moderate,Robbery,7,Decreasing,Manhattan,Jamaica,41.4,37.8,Low,20.4,High,83.4,Manhattan,Jamaica,39.1,15,162,80.5,High,15.64,63.3,Manhattan,Jamaica,265.1,High,94.4,9,404.9,46,Manhattan,Jamaica,15,22,Many,91.9,Poor,13.4,Manhattan,Jamaica,134725,8.3,92465,97.9,Medium,86.8,Manhattan,Jamaica,81.7,High,High,Good,No,66.9,Manhattan,Jamaica,0.69,168,High,0.86,8.56,6,3.95
Kew Gardens Landing,Staten Island,Kew Gardens,2469,Medium,Condos,44,50,584601,Staten Island,Kew Gardens,154.02,Safe,Vandalism,5,Increasing,Staten Island,Kew Gardens,24.2,30.6,Medium,20.2,Low,77.9,Staten Island,Kew Gardens,47.6,2,65,70.2,Medium,11.67,65.0,Staten Island,Kew Gardens,157.9,Medium,83.7,8,448.3,176,Staten Island,Kew Gardens,6,11,Very Few,59.9,Average,13.9,Staten Island,Kew Gardens,65080,13.7,70859,66.1,High,81.4,Staten Island,Kew Gardens,84.3,Medium,Medium,Excellent,Yes,83.7,Staten Island,Kew Gardens,0.33,83,High,14.34,2.34,160,4.37
Riverdale Village,Queens,Riverdale,1804,High,Condos,45,136,666855,Queens,Riverdale,387.47,Moderate,Drug Offense,2,Stable,Queens,Riverdale,46.6,31.6,Low,21.3,Low,64.4,Queens,Riverdale,44.9,12,25,73.6,Medium,3.02,57.2,Queens,Riverdale,249.2,Low,79.5,6,798.4,82,Queens,Riverdale,6,28,Few,77.7,Excellent,14.1,Queens,Riverdale,98189,7.9,115726,68.3,Medium,84.5,Queens,Riverdale,72.6,High,High,Average,No,74.3,Queens,Riverdale,0.54,103,High,9.01,3.79,54,-0.7
Chelsea Landing,Bronx,Chelsea,1765,Medium,Condos,24,45,442247,Bronx,Chelsea,598.08,Unsafe,Assault,1,Decreasing,Bronx,Chelsea,82.0,34.3,Low,21.4,Low,99.9,Bronx,Chelsea,60.8,6,83,78.6,High,14.26,72.1,Bronx,Chelsea,128.6,Medium,65.7,7,735.1,111,Bronx,Chelsea,4,24,Very Few,79.2,Excellent,17.2,Bronx,Chelsea,149080,5.5,50608,71.8,High,91.2,Bronx,Chelsea,73.7,High,Medium,Good,Yes,88.0,Bronx,Chelsea,0.49,138,High,12.98,3.82,76,1.31
East New York Heights (2),Queens,East New York,2331,Low,Condos,56,158,614323,Queens,East New York,342.56,Moderate,Vandalism,1,Decreasing,Queens,East New York,68.8,31.5,Medium,21.5,Low,89.5,Queens,East New York,39.5,14,69,74.7,Low,24.77,68.4,Queens,East New York,154.8,High,71.6,7,412.2,174,Queens,East New York,3,37,Many,68.2,Average,20.1,Queens,East New York,177496,31.4,84997,70.1,Low,89.2,Queens,East New York,67.0,High,Medium,Good,Yes,93.9,Queens,East New York,0.69,144,High,14.84,3.52,87,1.49
Inwood Central (2),Queens,Inwood,3521,Medium,Houses,81,134,907471,Queens,Inwood,431.49,Moderate,Robbery,3,Decreasing,Queens,Inwood,31.0,18.2,Low,23.4,High,84.0,Queens,Inwood,45.8,12,90,72.9,High,16.68,68.1,Queens,Inwood,114.9,High,80.6,7,658.1,119,Queens,Inwood,8,38,Many,84.4,Good,10.1,Queens,Inwood,121719,27.3,118290,77.5,Medium,90.3,Queens,Inwood,67.3,High,Medium,Good,No,98.2,Queens,Inwood,0.8,129,Medium,12.37,1.12,193,0.22
Pelham Bay Central,Queens,Pelham Bay,2714,Medium,Condos,66,46,613080,Queens,Pelham Bay,383.12,Moderate,Drug Offense,2,Decreasing,Queens,Pelham Bay,40.0,46.5,Low,23.6,Moderate,96.5,Queens,Pelham Bay,55.8,6,114,65.7,Medium,5.26,53.2,Queens,Pelham Bay,167.7,High,76.2,5,203.9,15,Queens,Pelham Bay,5,45,Few,66.9,Good,13.4,Queens,Pelham Bay,74780,26.7,64251,73.1,Medium,86.5,Queens,Pelham Bay,70.1,Medium,Medium,Good,Yes,71.6,Queens,Pelham Bay,0.52,148,Medium,13.65,3.97,75,1.52
Upper East Side Landing,Brooklyn,Upper East Side,3946,Medium,Condos,78,62,992826,Brooklyn,Upper East Side,355.35,Moderate,Theft,2,Decreasing,Brooklyn,Upper East Side,75.9,35.3,Low,20.6,Low,60.5,Brooklyn,Upper East Side,36.4,21,60,84.2,Medium,11.64,56.4,Brooklyn,Upper East Side,278.1,High,93.7,6,566.9,130,Brooklyn,Upper East Side,12,17,Few,62.7,Excellent,17.1,Brooklyn,Upper East Side,91683,7.1,87239,88.8,High,95.1,Brooklyn,Upper East Side,82.0,Medium,High,Good,Yes,67.4,Brooklyn,Upper East Side,0.5,123,Medium,4.72,7.91,82,1.68
Kew Gardens Heights,Manhattan,Kew Gardens,3785,Medium,Apartments,36,134,1910567,Manhattan,Kew Gardens,306.22,Moderate,Fraud,6,Increasing,Manhattan,Kew Gardens,87.2,30.7,Medium,22.8,Low,92.5,Manhattan,Kew Gardens,19.7,39,81,82.5,Medium,23.21,74.7,Manhattan,Kew Gardens,197.2,High,88.7,9,420.9,128,Manhattan,Kew Gardens,14,61,Many,99.5,Good,14.4,Manhattan,Kew Gardens,184398,8.9,139852,82.9,Low,90.2,Manhattan,Kew Gardens,95.6,Low,High,Average,Yes,85.9,Manhattan,Kew Gardens,0.65,122,High,4.1,3.21,94,1.24
Long Island City Central,Manhattan,Long Island City,4032,High,Houses,104,111,1512829,Manhattan,Long Island City,282.28,Moderate,Robbery,4,Stable,Manhattan,Long Island City,41.9,16.2,Low,25.2,Low,86.5,Manhattan,Long Island City,19.4,36,119,87.2,Medium,14.41,34.3,Manhattan,Long Island City,327.6,Medium,85.8,8,720.2,249,Manhattan,Long Island City,9,74,Many,77.8,Poor,11.4,Manhattan,Long Island City,129576,23.8,111760,85.0,High,98.1,Manhattan,Long Island City,96.5,High,High,Good,No,94.6,Manhattan,Long Island City,0.54,191,High,1.85,6.9,66,1.75
Coney Island West,Manhattan,Coney Island,4113,Medium,Apartments,56,114,861651,Manhattan,Coney Island,313.69,Moderate,Theft,6,Stable,Manhattan,Coney Island,82.8,20.6,Low,24.6,Moderate,71.2,Manhattan,Coney Island,19.0,37,179,85.3,Low,3.62,75.5,Manhattan,Coney Island,193.7,Medium,93.6,9,206.3,68,Manhattan,Coney Island,15,47,Very Few,99.3,Average,5.5,Manhattan,Coney Island,166410,14.8,126419,88.7,High,94.3,Manhattan,Coney Island,85.0,High,Medium,Good,No,66.1,Manhattan,Coney Island,0.55,131,High,3.76,6.51,179,3.62
Jackson Heights Landing (2),Queens,Jackson Heights,2789,Medium,Houses,52,88,637015,Queens,Jackson Heights,204.62,Safe,Drug Offense,2,Increasing,Queens,Jackson Heights,56.0,43.2,Medium,22.9,High,83.4,Queens,Jackson Heights,36.4,8,145,72.7,Low,10.3,59.1,Queens,Jackson Heights,174.2,High,68.7,6,202.6,138,Queens,Jackson Heights,6,10,Many,75.5,Average,18.8,Queens,Jackson Heights,154165,5.2,86390,76.5,High,91.5,Queens,Jackson Heights,75.6,High,High,Excellent,Yes,96.8,Queens,Jackson Heights,0.8,91,Medium,10.09,2.25,145,3.88
Bronx Park Park (2),Brooklyn,Bronx Park,3453,Medium,Condos,15,79,654846,Brooklyn,Bronx Park,498.39,Unsafe,Fraud,3,Decreasing,Brooklyn,Bronx Park,75.0,32.2,Low,24.5,Moderate,65.2,Brooklyn,Bronx Park,43.1,14,85,75.7,Medium,3.63,71.5,Brooklyn,Bronx Park,225.3,Low,72.0,7,264.7,103,Brooklyn,Bronx Park,5,41,Few,78.4,Good,13.4,Brooklyn,Bronx Park,291675,17.1,127440,76.6,High,82.0,Brooklyn,Bronx Park,88.9,High,High,Excellent,Yes,74.4,Brooklyn,Bronx Park,0.73,157,High,8.92,5.84,184,2.02
Coney Island Central,Brooklyn,Coney Island,4815,Medium,Condos,76,176,982443,Brooklyn,Coney Island,360.75,Moderate,Drug Offense,4,Stable,Brooklyn,Coney Island,45.0,34.5,Low,22.7,Low,92.5,Brooklyn,Coney Island,20.5,17,163,91.1,Medium,14.09,42.5,Brooklyn,Coney Island,162.8,Medium,82.7,8,534.7,93,Brooklyn,Coney Island,7,49,Many,77.8,Excellent,6.0,Brooklyn,Coney Island,97973,34.3,85272,85.3,High,92.5,Brooklyn,Coney Island,86.6,Low,High,Excellent,Yes,72.8,Brooklyn,Coney Island,0.88,162,Low,6.78,7.0,110,-0.2
DUMBO Heights,Queens,DUMBO,1573,Medium,Condos,17,42,566768,Queens,DUMBO,378.4,Moderate,Assault,1,Increasing,Queens,DUMBO,68.5,33.1,Medium,25.2,Moderate,72.2,Queens,DUMBO,52.4,3,104,85.2,Low,10.04,47.2,Queens,DUMBO,157.1,High,67.8,6,639.3,124,Queens,DUMBO,4,47,Many,82.7,Poor,3.7,Queens,DUMBO,106407,29.1,82357,79.9,High,90.8,Queens,DUMBO,84.7,Medium,High,Good,Yes,85.1,Queens,DUMBO,0.62,141,High,14.96,3.42,106,0.4
East New York West,Brooklyn,East New York,2562,Medium,Condos,78,67,979160,Brooklyn,East New York,343.27,Moderate,Robbery,5,Stable,Brooklyn,East New York,65.5,35.3,Medium,24.5,Low,65.4,Brooklyn,East New York,60.1,12,62,83.9,Medium,20.91,48.3,Brooklyn,East New York,164.8,Medium,89.3,8,761.0,211,Brooklyn,East New York,4,20,Few,83.3,Poor,14.2,Brooklyn,East New York,238287,16.6,78149,84.2,High,84.1,Brooklyn,East New York,93.6,High,High,Good,Yes,60.9,Brooklyn,East New York,0.68,101,High,7.82,2.52,146,1.35
Jamaica Landing (2),Brooklyn,Jamaica,1921,High,Apartments,52,97,378031,Brooklyn,Jamaica,403.95,Moderate,Theft,3,Increasing,Brooklyn,Jamaica,45.3,27.9,Medium,24.1,Low,63.5,Brooklyn,Jamaica,42.5,23,30,91.9,Medium,12.3,66.9,Brooklyn,Jamaica,192.4,High,81.8,7,277.5,24,Brooklyn,Jamaica,5,21,Few,84.8,Poor,2.1,Brooklyn,Jamaica,196743,5.8,99329,70.8,High,97.8,Brooklyn,Jamaica,83.8,High,Low,Excellent,Yes,77.9,Brooklyn,Jamaica,0.63,104,Medium,3.25,3.59,187,1.59
Midtown West,Queens,Midtown,2405,Medium,Apartments,81,159,859360,Queens,Midtown,336.21,Moderate,Robbery,4,Stable,Queens,Midtown,75.3,42.5,High,24.6,Low,92.1,Queens,Midtown,40.1,12,168,81.9,Low,5.76,74.8,Queens,Midtown,178.7,High,76.2,6,730.4,149,Queens,Midtown,9,40,Few,71.9,Excellent,13.2,Queens,Midtown,247495,31.2,83328,79.9,High,93.3,Queens,Midtown,82.2,High,Medium,Good,No,61.1,Queens,Midtown,0.33,96,High,8.8,4.21,73,2.01
Jackson Heights Park,Bronx,Jackson Heights,2342,Medium,Condos,12,54,371344,Bronx,Jackson Heights,537.18,Unsafe,Assault,1,Increasing,Bronx,Jackson Heights,59.2,27.2,Medium,22.6,Moderate,77.8,Bronx,Jackson Heights,62.6,10,67,73.4,Low,16.93,37.7,Bronx,Jackson Heights,135.7,High,62.0,5,384.2,159,Bronx,Jackson Heights,4,27,Few,67.4,Good,9.4,Bronx,Jackson Heights,177767,23.5,50374,71.4,High,86.4,Bronx,Jackson Heights,55.7,Medium,Low,Good,No,72.0,Bronx,Jackson Heights,0.56,72,Medium,11.09,-1.14,48,3.01
New Dorp West (1),Queens,New Dorp,2219,Medium,Houses,29,84,751975,Queens,New Dorp,334.27,Moderate,Vandalism,1,Increasing,Queens,New Dorp,31.5,40.9,Medium,22.6,Moderate,85.2,Queens,New Dorp,50.5,13,180,84.7,High,24.39,66.6,Queens,New Dorp,237.6,High,79.7,8,304.3,172,Queens,New Dorp,5,12,Many,58.8,Good,21.0,Queens,New Dorp,204259,28.7,110362,90.3,Medium,80.3,Queens,New Dorp,69.0,High,Low,Good,No,77.4,Queens,New Dorp,0.49,132,Low,7.77,2.36,171,3.0
Brownsville North (1),Brooklyn,Brownsville,2467,Medium,Houses,5,135,781739,Brooklyn,Brownsville,361.55,Moderate,Burglary,3,Stable,Brooklyn,Brownsville,48.1,26.6,Low,25.2,Low,72.9,Brooklyn,Brownsville,41.9,21,192,76.6,Low,17.43,45.8,Brooklyn,Brownsville,257.2,Medium,89.8,6,346.5,259,Brooklyn,Brownsville,10,60,Very Few,78.0,Excellent,23.8,Brooklyn,Brownsville,93035,32.6,82803,88.3,Medium,85.6,Brooklyn,Brownsville,79.0,Low,High,Good,Yes,74.4,Brooklyn,Brownsville,0.49,114,Medium,7.76,4.98,94,2.84
Kew Gardens East,Bronx,Kew Gardens,2224,Medium,Apartments,30,20,324720,Bronx,Kew Gardens,613.99,Unsafe,Vandalism,3,Stable,Bronx,Kew Gardens,65.9,32.1,Medium,19.9,Moderate,78.7,Bronx,Kew Gardens,31.0,12,132,66.2,Medium,17.25,67.4,Bronx,Kew Gardens,184.1,Medium,74.5,5,318.6,190,Bronx,Kew Gardens,3,25,Few,67.9,Good,20.9,Bronx,Kew Gardens,75618,5.4,55603,71.4,High,90.4,Bronx,Kew Gardens,59.7,Low,Medium,Good,No,99.2,Bronx,Kew Gardens,0.47,70,High,10.97,0.01,154,1.62
Inwood Landing,Manhattan,Inwood,3025,Low,Houses,1,128,1351144,Manhattan,Inwood,230.32,Safe,Burglary,4,Decreasing,Manhattan,Inwood,38.9,26.9,Medium,22.9,High,63.7,Manhattan,Inwood,18.5,26,110,98.9,Low,17.16,55.0,Manhattan,Inwood,200.4,High,81.5,9,618.4,24,Manhattan,Inwood,15,63,Many,98.3,Good,21.5,Manhattan,Inwood,159927,6.6,159714,81.9,High,96.1,Manhattan,Inwood,93.1,High,High,Excellent,No,62.3,Manhattan,Inwood,0.76,120,High,1.86,8.83,59,-0.04
Brighton Beach South,Manhattan,Brighton Beach,5127,High,Mixed-use,34,187,1271636,Manhattan,Brighton Beach,281.56,Moderate,Robbery,5,Decreasing,Manhattan,Brighton Beach,30.4,19.4,Medium,25.1,Moderate,73.1,Manhattan,Brighton Beach,23.8,32,29,98.7,Low,22.29,41.0,Manhattan,Brighton Beach,317.2,Medium,80.5,8,341.4,246,Manhattan,Brighton Beach,14,22,Few,73.9,Good,9.3,Manhattan,Brighton Beach,197567,6.6,90139,83.1,High,95.8,Manhattan,Brighton Beach,92.7,High,High,Excellent,No,72.5,Manhattan,Brighton Beach,0.93,154,High,1.04,7.66,179,3.33
Brownsville Park (2),Manhattan,Brownsville,4239,Medium,Apartments,57,138,828797,Manhattan,Brownsville,148.14,Safe,Drug Offense,7,Decreasing,Manhattan,Brownsville,57.4,20.9,Medium,21.6,Moderate,96.2,Manhattan,Brownsville,30.2,22,124,92.5,High,7.5,76.9,Manhattan,Brownsville,244.4,Medium,99.4,8,395.9,48,Manhattan,Brownsville,14,31,Few,75.7,Poor,2.7,Manhattan,Brownsville,216843,25.0,130564,91.4,Medium,88.4,Manhattan,Brownsville,81.4,High,High,Excellent,No,79.1,Manhattan,Brownsville,0.63,177,Medium,4.07,4.81,38,2.74
SoHo Landing,Queens,SoHo,3049,Medium,Apartments,47,134,751973,Queens,SoHo,474.32,Unsafe,Drug Offense,4,Stable,Queens,SoHo,34.5,40.9,Low,24.2,Low,61.3,Queens,SoHo,40.2,15,188,82.7,Medium,7.43,36.6,Queens,SoHo,129.9,High,80.1,8,467.5,223,Queens,SoHo,11,21,Many,71.0,Average,10.2,Queens,SoHo,73394,32.5,96481,83.3,High,81.6,Queens,SoHo,86.0,High,High,Good,Yes,88.0,Queens,SoHo,0.4,121,Medium,8.67,3.27,27,-0.22
East New York East,Brooklyn,East New York,1827,Medium,Apartments,55,144,753463,Brooklyn,East New York,207.09,Safe,Drug Offense,5,Increasing,Brooklyn,East New York,79.5,22.6,Medium,21.8,High,78.4,Brooklyn,East New York,51.2,22,64,83.8,Medium,7.21,73.9,Brooklyn,East New York,230.5,High,72.9,8,448.0,132,Brooklyn,East New York,5,61,Many,63.1,Average,6.2,Brooklyn,East New York,110779,6.3,103781,75.3,Medium,84.8,Brooklyn,East New York,87.9,Medium,High,Good,No,98.7,Brooklyn,East New York,0.72,107,Low,4.26,4.9,90,-0.85
Upper West Side Landing,Queens,Upper West Side,3143,Medium,Mixed-use,61,125,675405,Queens,Upper West Side,355.61,Moderate,Vandalism,1,Stable,Queens,Upper West Side,43.2,29.2,Low,22.0,Moderate,99.0,Queens,Upper West Side,53.1,19,169,71.8,Low,10.02,75.1,Queens,Upper West Side,108.8,Medium,74.5,7,794.7,294,Queens,Upper West Side,9,21,Few,68.5,Excellent,7.0,Queens,Upper West Side,193176,16.9,87955,91.2,Medium,84.2,Queens,Upper West Side,72.3,Low,Medium,Good,No,98.2,Queens,Upper West Side,0.66,116,Medium,8.33,2.96,28,3.18
Park Slope Gardens,Queens,Park Slope,1768,Low,Apartments,48,152,727565,Queens,Park Slope,385.34,Moderate,Burglary,1,Decreasing,Queens,Park Slope,55.1,44.2,Low,25.4,Moderate,93.8,Queens,Park Slope,53.7,15,167,74.8,Low,17.77,76.8,Queens,Park Slope,208.5,Medium,83.0,5,502.3,246,Queens,Park Slope,4,51,Many,77.9,Excellent,14.3,Queens,Park Slope,174014,11.1,100807,79.8,High,80.8,Queens,Park Slope,77.0,Medium,Medium,Average,Yes,76.2,Queens,Park Slope,0.54,118,High,9.55,4.63,83,3.01
Bronx Park Village (2),Brooklyn,Bronx Park,3773,High,Apartments,61,78,1137406,Brooklyn,Bronx Park,133.83,Safe,Theft,3,Stable,Brooklyn,Bronx Park,78.3,21.1,Low,21.1,Low,64.2,Brooklyn,Bronx Park,41.4,22,80,83.0,Medium,18.55,38.6,Brooklyn,Bronx Park,390.1,Low,94.5,6,291.0,214,Brooklyn,Bronx Park,10,34,Few,89.2,Excellent,9.6,Brooklyn,Bronx Park,128298,12.0,83369,88.4,Medium,92.2,Brooklyn,Bronx Park,75.1,High,Medium,Excellent,Yes,87.4,Brooklyn,Bronx Park,0.74,125,Medium,9.19,7.9,54,-0.97
Kew Gardens Village,Queens,Kew Gardens,3589,Low,Apartments,63,72,457979,Queens,Kew Gardens,374.93,Moderate,Fraud,3,Decreasing,Queens,Kew Gardens,63.1,55.4,Low,25.6,Low,85.6,Queens,Kew Gardens,30.8,16,121,70.0,Medium,4.71,74.3,Queens,Kew Gardens,116.3,Medium,82.1,6,622.3,19,Queens,Kew Gardens,11,20,Few,61.2,Average,5.9,Queens,Kew Gardens,108695,17.4,86234,87.3,High,97.1,Queens,Kew Gardens,74.2,High,High,Good,No,76.6,Queens,Kew Gardens,0.33,149,Medium,10.52,4.17,48,3.91
Brownsville North (2),Queens,Brownsville,2704,Low,Houses,51,144,915277,Queens,Brownsville,338.32,Moderate,Assault,4,Decreasing,Queens,Brownsville,57.3,27.4,Medium,26.3,Low,84.6,Queens,Brownsville,27.9,6,81,81.5,Medium,8.41,65.4,Queens,Brownsville,157.7,High,81.6,8,252.2,259,Queens,Brownsville,7,36,Few,83.2,Good,23.8,Queens,Brownsville,74075,15.3,73891,79.3,High,94.5,Queens,Brownsville,89.0,High,High,Excellent,No,78.0,Queens,Brownsville,0.54,97,High,7.16,5.35,98,4.21
Maspeth South (2),Brooklyn,Maspeth,2450,Medium,Houses,42,72,1080294,Brooklyn,Maspeth,527.77,Unsafe,Burglary,3,Increasing,Brooklyn,Maspeth,81.3,36.1,Medium,25.1,Moderate,97.7,Brooklyn,Maspeth,49.6,23,162,86.4,Medium,20.76,59.5,Brooklyn,Maspeth,191.1,High,92.0,6,399.6,49,Brooklyn,Maspeth,13,51,Many,78.6,Good,9.0,Brooklyn,Maspeth,110934,31.3,115319,92.1,Medium,92.0,Brooklyn,Maspeth,78.6,Medium,High,Good,Yes,74.0,Brooklyn,Maspeth,0.68,104,Medium,3.09,5.14,174,3.32
Bay Ridge Gardens,Bronx,Bay Ridge,1824,Medium,Condos,18,73,461301,Bronx,Bay Ridge,453.48,Unsafe,Drug Offense,3,Decreasing,Bronx,Bay Ridge,66.7,44.7,Medium,26.7,Low,67.4,Bronx,Bay Ridge,76.7,7,177,80.5,High,23.74,73.0,Bronx,Bay Ridge,171.9,High,68.8,6,543.4,188,Bronx,Bay Ridge,7,41,Many,63.4,Good,22.2,Bronx,Bay Ridge,75610,10.7,88082,66.4,High,87.6,Bronx,Bay Ridge,84.0,Medium,Low,Good,Yes,82.0,Bronx,Bay Ridge,0.34,138,Medium,11.17,3.35,103,1.1
Bay Ridge Central (1),Manhattan,Bay Ridge,5247,High,Apartments,66,172,594133,Manhattan,Bay Ridge,213.36,Safe,Vandalism,2,Decreasing,Manhattan,Bay Ridge,47.8,26.1,Medium,21.8,Low,88.4,Manhattan,Bay Ridge,33.0,22,121,91.3,High,16.72,65.2,Manhattan,Bay Ridge,291.0,High,94.0,9,355.9,149,Manhattan,Bay Ridge,17,20,Few,98.5,Good,24.9,Manhattan,Bay Ridge,146793,25.1,105390,83.8,Medium,85.1,Manhattan,Bay Ridge,93.6,High,Low,Excellent,Yes,63.8,Manhattan,Bay Ridge,0.75,198,Medium,4.76,6.0,55,-0.95
Astoria Park,Queens,Astoria,1724,Medium,Condos,21,129,609853,Queens,Astoria,412.26,Moderate,Theft,3,Increasing,Queens,Astoria,48.4,21.0,Medium,23.9,Low,60.3,Queens,Astoria,46.5,17,38,83.7,Low,7.35,55.3,Queens,Astoria,158.7,High,87.9,7,514.5,234,Queens,Astoria,5,48,Many,70.7,Excellent,7.6,Queens,Astoria,195136,22.3,78807,77.7,Low,81.8,Queens,Astoria,73.5,High,High,Excellent,No,94.5,Queens,Astoria,0.58,127,High,8.72,5.38,30,1.28
Morningside Heights North (2),Brooklyn,Morningside Heights,3218,Medium,Condos,45,131,1528393,Brooklyn,Morningside Heights,382.15,Moderate,Robbery,3,Stable,Brooklyn,Morningside Heights,105.5,19.9,Medium,18.9,Low,83.2,Brooklyn,Morningside Heights,46.6,5,36,91.2,Medium,5.73,30.9,Brooklyn,Morningside Heights,208.7,High,81.0,8,656.7,290,Brooklyn,Morningside Heights,6,43,Many,90.5,Good,2.5,Brooklyn,Morningside Heights,222326,30.2,123000,86.2,Low,80.8,Brooklyn,Morningside Heights,78.7,Medium,High,Good,Yes,72.8,Brooklyn,Morningside Heights,0.47,129,Medium,6.77,2.47,181,4.34
Ridgewood Village,Brooklyn,Ridgewood,2027,Medium,Apartments,42,96,570920,Brooklyn,Ridgewood,567.33,Unsafe,Assault,2,Decreasing,Brooklyn,Ridgewood,63.8,32.6,Low,22.9,Low,67.8,Brooklyn,Ridgewood,37.4,20,71,87.9,Medium,2.98,39.2,Brooklyn,Ridgewood,276.2,Low,89.6,6,481.9,23,Brooklyn,Ridgewood,9,63,Very Few,93.3,Excellent,5.2,Brooklyn,Ridgewood,261876,31.1,119622,74.3,High,88.1,Brooklyn,Ridgewood,84.8,High,High,Excellent,No,82.1,Brooklyn,Ridgewood,0.55,110,High,4.11,6.25,108,2.91
Jamaica North,Manhattan,Jamaica,2729,High,Apartments,64,100,1456470,Manhattan,Jamaica,222.0,Safe,Burglary,5,Increasing,Manhattan,Jamaica,55.9,17.5,Low,23.4,Low,74.5,Manhattan,Jamaica,26.9,38,153,93.6,Medium,11.8,52.1,Manhattan,Jamaica,322.7,High,92.6,9,516.9,253,Manhattan,Jamaica,18,65,Few,96.5,Poor,22.2,Manhattan,Jamaica,137559,9.5,135427,88.5,Medium,89.5,Manhattan,Jamaica,95.6,Medium,High,Excellent,No,98.8,Manhattan,Jamaica,0.85,162,High,4.14,3.54,171,2.68
Morningside Heights East,Manhattan,Morningside Heights,4883,Medium,Apartments,21,104,1284357,Manhattan,Morningside Heights,255.0,Moderate,Fraud,7,Decreasing,Manhattan,Morningside Heights,46.0,23.9,Low,20.0,Low,85.9,Manhattan,Morningside Heights,30.9,14,181,94.8,Medium,10.13,75.7,Manhattan,Morningside Heights,169.7,Medium,84.5,9,231.7,57,Manhattan,Morningside Heights,14,73,Many,88.2,Average,22.5,Manhattan,Morningside Heights,247778,12.3,142557,84.6,Medium,86.9,Manhattan,Morningside Heights,92.0,Medium,High,Good,No,73.9,Manhattan,Morningside Heights,0.8,162,High,3.17,7.63,127,4.49
Greenwich Village West,Queens,Greenwich Village,3418,High,Apartments,36,107,629977,Queens,Greenwich Village,310.03,Moderate,Theft,4,Decreasing,Queens,Greenwich Village,44.9,43.9,Low,23.3,High,96.8,Queens,Greenwich Village,84.2,5,34,74.8,Medium,24.86,50.0,Queens,Greenwich Village,166.2,High,86.0,5,438.6,251,Queens,Greenwich Village,5,34,Many,72.6,Good,20.7,Queens,Greenwich Village,88232,27.3,88100,69.5,High,92.9,Queens,Greenwich Village,85.1,High,High,Good,Yes,62.7,Queens,Greenwich Village,0.71,110,Medium,9.31,3.61,15,3.38
Jackson Heights Central,Manhattan,Jackson Heights,5073,Medium,Houses,28,114,1014766,Manhattan,Jackson Heights,177.17,Safe,Burglary,5,Decreasing,Manhattan,Jackson Heights,58.1,23.5,Low,20.1,Low,81.1,Manhattan,Jackson Heights,34.5,17,180,90.9,Medium,6.35,39.9,Manhattan,Jackson Heights,259.1,High,82.3,9,506.3,80,Manhattan,Jackson Heights,19,77,Many,77.7,Good,5.5,Manhattan,Jackson Heights,210565,27.0,141238,83.5,Low,82.2,Manhattan,Jackson Heights,80.2,Low,High,Excellent,Yes,97.7,Manhattan,Jackson Heights,0.85,181,Medium,2.19,7.67,36,3.39
Brooklyn Heights Village,Queens,Brooklyn Heights,2598,Medium,Apartments,46,147,541204,Queens,Brooklyn Heights,316.61,Moderate,Fraud,4,Stable,Queens,Brooklyn Heights,60.5,17.1,Low,27.1,Moderate,91.4,Queens,Brooklyn Heights,45.9,12,51,82.8,High,9.41,48.8,Queens,Brooklyn Heights,125.6,Medium,69.4,6,727.7,139,Queens,Brooklyn Heights,3,14,Few,76.9,Excellent,5.0,Queens,Brooklyn Heights,225202,31.4,115858,68.7,Low,87.8,Queens,Brooklyn Heights,89.6,Medium,High,Good,Yes,66.3,Queens,Brooklyn Heights,0.7,133,High,10.13,1.0,124,3.68
Bronx Park West,Bronx,Bronx Park,1599,Medium,Houses,28,61,478780,Bronx,Bronx Park,687.11,Unsafe,Vandalism,2,Increasing,Bronx,Bronx Park,81.2,18.9,Medium,25.5,Moderate,98.4,Bronx,Bronx Park,45.8,2,165,73.9,High,6.89,68.6,Bronx,Bronx Park,148.9,Medium,83.9,6,793.4,18,Bronx,Bronx Park,5,48,Very Few,75.3,Good,23.7,Bronx,Bronx Park,73218,22.4,47168,60.0,High,95.1,Bronx,Bronx Park,75.8,Medium,Medium,Good,No,78.2,Bronx,Bronx Park,0.4,108,Medium,9.7,0.33,35,2.47
Jackson Heights Village,Manhattan,Jackson Heights,4064,Medium,Condos,46,198,899469,Manhattan,Jackson Heights,249.42,Safe,Theft,5,Increasing,Manhattan,Jackson Heights,47.1,45.0,Low,18.9,Low,76.9,Manhattan,Jackson Heights,35.3,32,86,80.1,Low,22.53,68.3,Manhattan,Jackson Heights,166.2,Medium,97.0,8,235.9,64,Manhattan,Jackson Heights,19,58,Many,80.4,Excellent,3.7,Manhattan,Jackson Heights,123466,24.6,118085,88.2,Low,89.4,Manhattan,Jackson Heights,98.4,High,High,Average,Yes,75.3,Manhattan,Jackson Heights,0.82,120,Medium,4.07,8.85,118,3.27
Pelham Bay Landing (2),Brooklyn,Pelham Bay,3927,Low,Houses,16,74,984402,Brooklyn,Pelham Bay,280.05,Moderate,Theft,4,Decreasing,Brooklyn,Pelham Bay,92.7,36.8,Medium,22.2,Low,72.5,Brooklyn,Pelham Bay,22.7,8,105,71.7,High,10.44,63.5,Brooklyn,Pelham Bay,106.3,Medium,92.0,7,487.2,261,Brooklyn,Pelham Bay,7,47,Few,61.5,Average,19.7,Brooklyn,Pelham Bay,294029,29.3,84076,83.5,High,93.4,Brooklyn,Pelham Bay,72.5,Medium,High,Excellent,Yes,82.5,Brooklyn,Pelham Bay,0.78,114,Low,9.34,4.56,22,3.23
Riverdale South,Staten Island,Riverdale,2874,Medium,Apartments,31,46,375613,Staten Island,Riverdale,167.8,Safe,Fraud,2,Stable,Staten Island,Riverdale,57.1,53.1,Medium,28.4,High,76.1,Staten Island,Riverdale,43.0,8,116,71.5,Medium,17.5,66.6,Staten Island,Riverdale,155.0,High,78.7,5,229.9,239,Staten Island,Riverdale,2,25,Many,58.4,Excellent,21.9,Staten Island,Riverdale,126383,26.4,84509,68.4,High,96.4,Staten Island,Riverdale,86.6,Medium,Medium,Average,No,93.8,Staten Island,Riverdale,0.39,84,Low,21.18,3.84,123,0.17
Williamsburg Landing (2),Bronx,Williamsburg,2117,Medium,Apartments,49,108,530303,Bronx,Williamsburg,675.69,Unsafe,Robbery,1,Increasing,Bronx,Williamsburg,121.6,36.8,Medium,20.0,Moderate,63.3,Bronx,Williamsburg,40.3,8,24,81.3,Medium,2.44,50.6,Bronx,Williamsburg,197.8,High,64.4,7,485.4,59,Bronx,Williamsburg,3,13,Very Few,53.8,Average,18.4,Bronx,Williamsburg,164775,29.2,77107,82.4,Medium,95.2,Bronx,Williamsburg,80.4,Low,High,Good,Yes,67.4,Bronx,Williamsburg,0.51,113,Low,14.14,1.15,153,0.67
Forest Hills Heights (2),Manhattan,Forest Hills,3496,High,Condos,30,198,1357308,Manhattan,Forest Hills,199.19,Safe,Assault,3,Increasing,Manhattan,Forest Hills,37.3,48.5,Medium,21.9,High,82.3,Manhattan,Forest Hills,27.5,10,78,88.2,Medium,19.1,63.5,Manhattan,Forest Hills,275.1,High,90.9,9,542.9,139,Manhattan,Forest Hills,13,43,Many,79.3,Average,15.7,Manhattan,Forest Hills,71878,23.1,149463,87.2,High,97.2,Manhattan,Forest Hills,85.9,Medium,Medium,Excellent,Yes,61.8,Manhattan,Forest Hills,0.98,158,Medium,4.28,6.95,175,4.62
Astoria Gardens,Manhattan,Astoria,3242,Medium,Condos,33,90,977985,Manhattan,Astoria,303.31,Moderate,Burglary,7,Increasing,Manhattan,Astoria,32.2,8.2,High,21.1,Low,82.8,Manhattan,Astoria,22.5,31,75,99.4,Medium,11.79,49.0,Manhattan,Astoria,255.1,Medium,94.3,8,286.9,281,Manhattan,Astoria,18,77,Many,80.8,Average,4.0,Manhattan,Astoria,139624,28.0,105881,82.6,High,82.1,Manhattan,Astoria,94.0,High,Medium,Average,Yes,78.3,Manhattan,Astoria,0.57,184,Medium,0.79,7.48,99,-0.78
Tompkinsville Landing (2),Manhattan,Tompkinsville,2967,Medium,Apartments,77,197,958897,Manhattan,Tompkinsville,241.15,Safe,Vandalism,7,Stable,Manhattan,Tompkinsville,40.0,35.2,High,17.2,Moderate,69.8,Manhattan,Tompkinsville,34.7,39,29,97.4,Medium,17.48,51.0,Manhattan,Tompkinsville,283.4,Low,85.2,8,522.6,120,Manhattan,Tompkinsville,12,28,Many,82.1,Excellent,19.7,Manhattan,Tompkinsville,76093,30.1,81051,89.8,High,85.0,Manhattan,Tompkinsville,87.2,Medium,Low,Excellent,No,68.0,Manhattan,Tompkinsville,0.54,174,High,1.36,8.91,72,2.78
Brighton Beach Central,Manhattan,Brighton Beach,4550,High,Apartments,12,181,1561220,Manhattan,Brighton Beach,282.81,Moderate,Fraud,3,Increasing,Manhattan,Brighton Beach,73.0,22.6,Low,22.7,High,90.9,Manhattan,Brighton Beach,20.9,24,180,88.3,High,14.69,64.2,Manhattan,Brighton Beach,272.9,High,83.6,9,625.2,223,Manhattan,Brighton Beach,17,75,Many,88.8,Average,7.7,Manhattan,Brighton Beach,238911,12.5,151407,95.8,Medium,91.5,Manhattan,Brighton Beach,86.6,High,High,Good,No,74.8,Manhattan,Brighton Beach,0.51,170,High,0.52,6.13,69,3.6
SoHo North,Bronx,SoHo,2181,Medium,Condos,30,60,350929,Bronx,SoHo,497.76,Unsafe,Burglary,1,Increasing,Bronx,SoHo,64.6,58.7,Medium,23.4,Low,96.3,Bronx,SoHo,58.1,12,122,77.8,Medium,5.88,34.8,Bronx,SoHo,102.0,High,73.1,5,387.8,55,Bronx,SoHo,8,19,Very Few,66.0,Good,3.1,Bronx,SoHo,110569,16.1,56598,65.3,Low,91.3,Bronx,SoHo,56.2,Medium,High,Good,Yes,81.4,Bronx,SoHo,0.45,118,High,17.28,1.1,157,0.45
Forest Hills Park,Staten Island,Forest Hills,2246,Medium,Houses,49,53,596540,Staten Island,Forest Hills,184.6,Safe,Vandalism,2,Stable,Staten Island,Forest Hills,38.2,33.0,Medium,22.6,High,71.9,Staten Island,Forest Hills,48.0,6,65,61.4,Medium,2.32,67.7,Staten Island,Forest Hills,119.9,High,89.8,5,737.8,155,Staten Island,Forest Hills,4,32,Few,55.3,Poor,11.3,Staten Island,Forest Hills,139005,24.1,51568,84.8,High,95.7,Staten Island,Forest Hills,61.6,High,Medium,Good,Yes,74.2,Staten Island,Forest Hills,0.48,102,High,21.64,1.39,95,3.44
Upper West Side West,Brooklyn,Upper West Side,1910,High,Apartments,52,62,501252,Brooklyn,Upper West Side,502.75,Unsafe,Assault,5,Increasing,Brooklyn,Upper West Side,52.2,47.0,Low,25.8,Low,66.0,Brooklyn,Upper West Side,44.9,15,157,92.9,Medium,21.02,70.9,Brooklyn,Upper West Side,204.6,High,78.4,7,363.1,224,Brooklyn,Upper West Side,9,53,Few,81.6,Good,5.3,Brooklyn,Upper West Side,206820,33.9,127578,87.2,Medium,90.9,Brooklyn,Upper West Side,83.5,Medium,Low,Good,Yes,77.3,Brooklyn,Upper West Side,0.53,165,High,7.23,7.79,59,-0.34
Sunset Park East (2),Queens,Sunset Park,1600,Medium,Apartments,39,74,500553,Queens,Sunset Park,354.54,Moderate,Vandalism,3,Stable,Queens,Sunset Park,55.4,28.3,Medium,23.9,Low,95.9,Queens,Sunset Park,67.1,15,50,68.3,Medium,12.14,55.6,Queens,Sunset Park,177.6,Medium,76.5,5,299.3,20,Queens,Sunset Park,5,39,Many,69.6,Excellent,7.4,Queens,Sunset Park,188540,21.2,73814,72.1,High,96.8,Queens,Sunset Park,87.1,High,Low,Good,Yes,81.2,Queens,Sunset Park,0.3,113,Medium,12.1,1.96,193,1.34
Pelham Bay Landing (3),Bronx,Pelham Bay,2763,Medium,Apartments,57,99,360837,Bronx,Pelham Bay,838.11,Unsafe,Burglary,3,Increasing,Bronx,Pelham Bay,23.2,20.8,Medium,19.5,Moderate,88.4,Bronx,Pelham Bay,50.4,4,39,76.8,High,12.18,42.4,Bronx,Pelham Bay,111.4,High,64.5,5,397.0,202,Bronx,Pelham Bay,6,46,Many,52.4,Average,20.8,Bronx,Pelham Bay,153134,14.5,81191,83.2,High,98.5,Bronx,Pelham Bay,66.8,Medium,Low,Good,No,62.1,Bronx,Pelham Bay,0.5,78,Low,14.11,3.6,83,4.27
Pelham Bay East,Brooklyn,Pelham Bay,1365,Low,Mixed-use,23,82,800140,Brooklyn,Pelham Bay,242.42,Safe,Fraud,1,Stable,Brooklyn,Pelham Bay,37.0,51.4,Medium,23.9,Low,66.8,Brooklyn,Pelham Bay,27.3,12,110,92.6,Low,23.36,54.2,Brooklyn,Pelham Bay,160.8,High,90.0,7,304.0,162,Brooklyn,Pelham Bay,12,29,Few,78.8,Average,13.3,Brooklyn,Pelham Bay,138959,14.0,98388,83.8,Medium,95.8,Brooklyn,Pelham Bay,75.3,High,High,Excellent,Yes,65.5,Brooklyn,Pelham Bay,0.69,114,Medium,8.99,6.53,161,-0.26
New Dorp Landing,Queens,New Dorp,2310,High,Apartments,47,60,881964,Queens,New Dorp,445.2,Moderate,Drug Offense,1,Increasing,Queens,New Dorp,54.4,9.4,Low,23.7,Low,72.2,Queens,New Dorp,40.7,7,189,78.9,Medium,17.27,33.6,Queens,New Dorp,194.1,Medium,72.5,8,755.3,214,Queens,New Dorp,11,45,Many,83.7,Excellent,19.2,Queens,New Dorp,213275,15.0,93431,68.2,High,80.3,Queens,New Dorp,73.9,High,Medium,Good,Yes,75.2,Queens,New Dorp,0.57,96,High,8.25,3.8,138,3.43
SoHo Village,Queens,SoHo,2755,High,Houses,55,156,750348,Queens,SoHo,287.12,Moderate,Theft,2,Stable,Queens,SoHo,46.5,31.1,Medium,27.9,Low,84.1,Queens,SoHo,55.0,19,99,72.3,High,5.48,48.2,Queens,SoHo,188.1,High,74.7,7,238.8,255,Queens,SoHo,8,49,Very Few,77.0,Good,2.9,Queens,SoHo,238082,25.3,57226,73.6,Medium,95.0,Queens,SoHo,76.5,Low,Medium,Good,No,96.0,Queens,SoHo,0.35,95,High,10.47,3.21,32,-0.3
Upper East Side Village,Brooklyn,Upper East Side,3407,Medium,Apartments,27,125,685881,Brooklyn,Upper East Side,527.92,Unsafe,Drug Offense,3,Increasing,Brooklyn,Upper East Side,74.2,10.9,Medium,25.1,Moderate,62.4,Brooklyn,Upper East Side,33.7,13,161,79.8,Medium,23.83,72.1,Brooklyn,Upper East Side,244.2,High,93.8,8,468.6,35,Brooklyn,Upper East Side,12,36,Very Few,69.7,Excellent,13.6,Brooklyn,Upper East Side,247418,23.2,138742,92.6,High,94.8,Brooklyn,Upper East Side,72.9,Medium,Low,Excellent,No,63.3,Brooklyn,Upper East Side,0.74,117,High,8.65,7.26,183,1.44
Hunts Point Gardens,Brooklyn,Hunts Point,3042,Medium,Condos,22,126,577831,Brooklyn,Hunts Point,430.16,Moderate,Assault,5,Increasing,Brooklyn,Hunts Point,53.5,48.4,Low,26.7,Low,86.3,Brooklyn,Hunts Point,35.3,6,90,79.2,Low,14.29,65.3,Brooklyn,Hunts Point,125.0,Low,76.9,7,240.6,47,Brooklyn,Hunts Point,11,31,Few,88.6,Good,21.9,Brooklyn,Hunts Point,240327,14.4,61774,86.7,Low,93.8,Brooklyn,Hunts Point,78.7,High,High,Good,Yes,80.3,Brooklyn,Hunts Point,0.57,100,High,3.52,5.95,32,2.37
Lower East Side Landing,Manhattan,Lower East Side,2262,Medium,Condos,61,165,1198178,Manhattan,Lower East Side,317.31,Moderate,Burglary,4,Decreasing,Manhattan,Lower East Side,41.6,44.6,Medium,18.7,Low,90.0,Manhattan,Lower East Side,21.4,16,81,86.8,High,8.95,74.0,Manhattan,Lower East Side,308.5,High,91.8,8,362.4,30,Manhattan,Lower East Side,6,70,Many,71.2,Excellent,17.9,Manhattan,Lower East Side,226781,5.5,137626,86.4,Medium,80.1,Manhattan,Lower East Side,85.9,Medium,High,Excellent,Yes,90.3,Manhattan,Lower East Side,0.69,173,Medium,0.97,7.4,60,-0.19
Bay Ridge Central (2),Manhattan,Bay Ridge,1936,Medium,Condos,74,161,1208460,Manhattan,Bay Ridge,283.68,Moderate,Drug Offense,6,Increasing,Manhattan,Bay Ridge,50.0,17.8,High,23.1,Low,69.9,Manhattan,Bay Ridge,27.1,20,189,93.1,Medium,7.25,49.2,Manhattan,Bay Ridge,208.0,Medium,82.0,9,245.7,219,Manhattan,Bay Ridge,7,60,Very Few,78.4,Good,13.5,Manhattan,Bay Ridge,180104,28.7,85217,89.7,Medium,90.1,Manhattan,Bay Ridge,91.8,Medium,High,Excellent,Yes,99.1,Manhattan,Bay Ridge,0.82,129,High,2.2,7.71,60,0.14
Bronx Park Central,Brooklyn,Bronx Park,3758,Medium,Apartments,35,73,827722,Brooklyn,Bronx Park,231.51,Safe,Drug Offense,3,Increasing,Brooklyn,Bronx Park,86.7,44.9,Medium,22.0,Moderate,98.0,Brooklyn,Bronx Park,22.9,9,161,73.1,Medium,22.89,53.9,Brooklyn,Bronx Park,172.1,High,83.4,7,485.0,70,Brooklyn,Bronx Park,10,40,Few,80.1,Good,20.5,Brooklyn,Bronx Park,239605,32.9,99235,71.0,High,87.6,Brooklyn,Bronx Park,93.8,Medium,Low,Average,Yes,99.8,Brooklyn,Bronx Park,0.49,126,Medium,4.59,6.58,151,0.31
Jamaica West (3),Manhattan,Jamaica,4682,Medium,Condos,59,99,930459,Manhattan,Jamaica,246.31,Safe,Fraud,7,Decreasing,Manhattan,Jamaica,57.3,22.4,Medium,21.5,Low,99.8,Manhattan,Jamaica,31.1,36,119,90.0,Low,18.42,76.0,Manhattan,Jamaica,129.3,High,83.4,8,670.3,128,Manhattan,Jamaica,7,26,Many,81.3,Good,2.3,Manhattan,Jamaica,247383,21.3,110155,80.7,Medium,86.9,Manhattan,Jamaica,99.3,Medium,High,Good,No,89.2,Manhattan,Jamaica,0.99,132,Medium,1.55,4.19,67,-0.27
Morningside Heights North (3),Queens,Morningside Heights,2572,Medium,Condos,13,104,836856,Queens,Morningside Heights,244.38,Safe,Robbery,2,Increasing,Queens,Morningside Heights,57.5,76.0,Medium,24.2,Moderate,95.8,Queens,Morningside Heights,61.4,3,146,89.0,Medium,4.06,56.5,Queens,Morningside Heights,156.2,High,70.7,8,762.2,241,Queens,Morningside Heights,4,41,Many,87.3,Excellent,23.3,Queens,Morningside Heights,178181,31.3,117655,82.9,Low,90.0,Queens,Morningside Heights,79.1,Medium,High,Good,Yes,70.4,Queens,Morningside Heights,0.64,102,High,11.24,2.17,44,3.74
Sunset Park North,Queens,Sunset Park,2506,Medium,Apartments,55,80,503224,Queens,Sunset Park,408.45,Moderate,Drug Offense,1,Stable,Queens,Sunset Park,53.3,58.1,Medium,20.8,Low,69.1,Queens,Sunset Park,46.7,13,57,71.8,Low,11.44,49.9,Queens,Sunset Park,178.9,High,83.5,5,655.4,234,Queens,Sunset Park,7,53,Many,55.2,Average,2.4,Queens,Sunset Park,160951,17.8,56297,90.6,High,88.1,Queens,Sunset Park,74.1,Medium,Medium,Good,No,75.3,Queens,Sunset Park,0.54,112,High,14.14,3.69,165,3.58
Upper East Side Park,Manhattan,Upper East Side,5098,Medium,Mixed-use,45,91,725622,Manhattan,Upper East Side,327.22,Moderate,Vandalism,4,Stable,Manhattan,Upper East Side,59.5,33.7,Low,22.0,Low,82.1,Manhattan,Upper East Side,30.8,17,58,87.2,Medium,13.67,43.3,Manhattan,Upper East Side,216.4,Medium,98.7,8,799.0,56,Manhattan,Upper East Side,19,73,Many,70.5,Excellent,14.7,Manhattan,Upper East Side,137375,13.8,114617,93.7,Medium,88.7,Manhattan,Upper East Side,89.6,Medium,Low,Good,Yes,64.6,Manhattan,Upper East Side,0.66,133,High,3.46,6.45,43,4.19
Brooklyn Heights Landing,Staten Island,Brooklyn Heights,2032,High,Apartments,59,27,302453,Staten Island,Brooklyn Heights,105.01,Safe,Drug Offense,2,Stable,Staten Island,Brooklyn Heights,49.7,31.0,Low,29.4,Moderate,64.4,Staten Island,Brooklyn Heights,54.1,8,95,84.3,Medium,10.52,32.5,Staten Island,Brooklyn Heights,183.7,Medium,67.3,7,232.8,57,Staten Island,Brooklyn Heights,7,27,Few,57.8,Average,6.5,Staten Island,Brooklyn Heights,122237,27.1,71259,65.4,Medium,80.3,Staten Island,Brooklyn Heights,64.2,High,Low,Excellent,No,82.1,Staten Island,Brooklyn Heights,0.46,77,Medium,21.75,3.47,145,-0.59
SoHo Heights,Brooklyn,SoHo,2678,Medium,Apartments,70,90,568713,Brooklyn,SoHo,416.23,Moderate,Burglary,1,Increasing,Brooklyn,SoHo,38.3,30.0,Low,22.4,High,60.2,Brooklyn,SoHo,42.2,24,40,86.3,Medium,23.18,59.0,Brooklyn,SoHo,182.3,High,83.9,8,361.5,29,Brooklyn,SoHo,14,16,Many,70.4,Good,9.1,Brooklyn,SoHo,186560,29.0,104545,75.5,High,89.5,Brooklyn,SoHo,84.8,Low,Low,Good,Yes,84.2,Brooklyn,SoHo,0.63,132,High,5.61,3.0,193,1.07
New Dorp Central (1),Brooklyn,New Dorp,2517,Medium,Apartments,57,70,887468,Brooklyn,New Dorp,537.16,Unsafe,Robbery,4,Increasing,Brooklyn,New Dorp,46.9,40.6,Medium,24.6,Moderate,62.5,Brooklyn,New Dorp,38.2,7,146,76.6,Medium,14.36,34.0,Brooklyn,New Dorp,212.9,Medium,72.8,8,550.0,155,Brooklyn,New Dorp,6,55,Many,90.5,Excellent,16.3,Brooklyn,New Dorp,200641,19.2,85604,90.5,Medium,95.6,Brooklyn,New Dorp,88.2,Medium,High,Excellent,Yes,73.0,Brooklyn,New Dorp,0.6,173,High,4.35,5.78,68,3.41
New Dorp West (2),Brooklyn,New Dorp,3962,High,Condos,62,66,758174,Brooklyn,New Dorp,478.99,Unsafe,Assault,5,Decreasing,Brooklyn,New Dorp,31.8,24.1,High,24.2,High,75.6,Brooklyn,New Dorp,48.7,20,180,74.8,Low,24.61,49.7,Brooklyn,New Dorp,195.2,High,73.2,8,771.6,12,Brooklyn,New Dorp,6,22,Few,66.9,Average,14.5,Brooklyn,New Dorp,277380,34.3,85787,87.9,High,94.1,Brooklyn,New Dorp,80.0,High,Medium,Average,Yes,83.3,Brooklyn,New Dorp,0.56,121,High,5.71,7.93,158,1.74
New Dorp Central (2),Staten Island,New Dorp,2080,Medium,Apartments,30,26,500304,Staten Island,New Dorp,190.13,Safe,Assault,2,Increasing,Staten Island,New Dorp,37.0,70.4,Medium,20.6,Low,98.9,Staten Island,New Dorp,50.2,2,171,80.5,Low,9.15,71.9,Staten Island,New Dorp,220.9,Medium,71.4,7,478.7,160,Staten Island,New Dorp,2,29,Few,89.8,Good,20.8,Staten Island,New Dorp,134774,25.3,96551,71.7,Medium,88.8,Staten Island,New Dorp,80.5,High,Low,Excellent,Yes,63.5,Staten Island,New Dorp,0.41,63,Medium,19.47,4.48,170,0.38
Tompkinsville Heights,Manhattan,Tompkinsville,3568,Medium,Apartments,59,195,1341180,Manhattan,Tompkinsville,276.52,Moderate,Drug Offense,5,Increasing,Manhattan,Tompkinsville,44.5,24.1,Medium,23.5,Low,92.6,Manhattan,Tompkinsville,29.6,27,149,99.1,Low,17.21,66.2,Manhattan,Tompkinsville,281.1,High,91.2,8,396.6,41,Manhattan,Tompkinsville,11,44,Many,80.3,Poor,11.2,Manhattan,Tompkinsville,82791,9.5,137250,83.1,High,87.3,Manhattan,Tompkinsville,90.2,Medium,Low,Excellent,No,86.8,Manhattan,Tompkinsville,0.85,196,High,1.29,3.92,103,3.03
Williamsburg North,Brooklyn,Williamsburg,3266,High,Houses,55,145,465235,Brooklyn,Williamsburg,559.77,Unsafe,Fraud,4,Stable,Brooklyn,Williamsburg,58.8,25.9,Medium,22.5,Low,84.9,Brooklyn,Williamsburg,22.9,17,35,84.6,Medium,17.11,60.6,Brooklyn,Williamsburg,229.0,High,72.3,7,407.4,127,Brooklyn,Williamsburg,10,29,Few,90.7,Good,7.3,Brooklyn,Williamsburg,219348,27.8,87441,89.3,High,82.0,Brooklyn,Williamsburg,74.2,High,Medium,Good,Yes,67.3,Brooklyn,Williamsburg,0.63,147,High,7.48,6.88,196,3.3
Astoria East,Bronx,Astoria,2279,Medium,Condos,6,98,398114,Bronx,Astoria,483.07,Unsafe,Burglary,2,Decreasing,Bronx,Astoria,100.5,39.7,Medium,28.6,Low,66.5,Bronx,Astoria,55.3,10,84,62.8,Low,16.68,42.5,Bronx,Astoria,190.8,High,68.2,4,790.0,299,Bronx,Astoria,5,33,Many,70.3,Excellent,17.8,Bronx,Astoria,201881,17.8,48032,65.0,High,83.4,Bronx,Astoria,57.5,Medium,Low,Good,Yes,66.4,Bronx,Astoria,0.34,133,Medium,13.78,0.41,77,3.03
Rego Park East,Queens,Rego Park,2774,Medium,Apartments,44,52,520960,Queens,Rego Park,371.75,Moderate,Robbery,2,Stable,Queens,Rego Park,76.6,25.0,Low,20.0,Moderate,83.4,Queens,Rego Park,48.8,6,84,82.1,Medium,11.77,40.0,Queens,Rego Park,126.6,Medium,86.6,6,286.4,183,Queens,Rego Park,6,47,Few,74.2,Excellent,10.7,Queens,Rego Park,227104,29.0,93865,89.4,Medium,82.5,Queens,Rego Park,86.2,Medium,Medium,Good,Yes,65.4,Queens,Rego Park,0.36,120,High,14.68,2.1,162,4.01
Hunts Point South,Manhattan,Hunts Point,4721,High,Apartments,41,196,1558971,Manhattan,Hunts Point,284.56,Moderate,Theft,2,Increasing,Manhattan,Hunts Point,35.6,28.0,Medium,22.2,Moderate,93.2,Manhattan,Hunts Point,32.7,20,111,90.9,Medium,3.14,62.1,Manhattan,Hunts Point,259.4,High,94.0,8,408.4,225,Manhattan,Hunts Point,13,53,Many,98.9,Average,13.0,Manhattan,Hunts Point,171706,17.7,122209,91.6,High,85.0,Manhattan,Hunts Point,88.6,Medium,High,Excellent,Yes,87.9,Manhattan,Hunts Point,0.69,136,High,4.34,6.95,67,0.74
Coney Island South,Queens,Coney Island,3200,Medium,Houses,53,143,570564,Queens,Coney Island,361.63,Moderate,Vandalism,3,Increasing,Queens,Coney Island,36.7,25.2,Medium,23.6,High,71.5,Queens,Coney Island,54.1,5,126,77.9,Medium,3.82,57.5,Queens,Coney Island,163.9,Low,66.9,5,744.5,282,Queens,Coney Island,7,52,Many,77.4,Good,19.8,Queens,Coney Island,215043,34.8,85337,86.9,Low,93.2,Queens,Coney Island,87.3,Medium,Medium,Good,Yes,66.9,Queens,Coney Island,0.55,149,High,11.9,2.05,48,4.24
Midtown Park (2),Brooklyn,Midtown,3844,Medium,Condos,30,100,958289,Brooklyn,Midtown,450.68,Unsafe,Vandalism,3,Increasing,Brooklyn,Midtown,76.7,11.7,Medium,20.2,Low,64.4,Brooklyn,Midtown,46.7,7,97,88.0,Medium,9.9,73.0,Brooklyn,Midtown,214.2,High,81.9,8,434.8,107,Brooklyn,Midtown,12,66,Few,83.6,Average,21.1,Brooklyn,Midtown,186326,33.6,70667,85.0,Medium,91.7,Brooklyn,Midtown,80.0,Medium,High,Good,Yes,89.9,Brooklyn,Midtown,0.79,106,High,9.01,5.96,179,3.4
Chelsea South,Staten Island,Chelsea,2338,Medium,Houses,61,67,451208,Staten Island,Chelsea,190.89,Safe,Fraud,6,Decreasing,Staten Island,Chelsea,35.9,51.2,Medium,25.8,Moderate,66.5,Staten Island,Chelsea,37.4,4,179,69.8,High,17.39,46.0,Staten Island,Chelsea,149.9,Medium,69.8,5,537.1,74,Staten Island,Chelsea,4,28,Many,62.3,Average,2.5,Staten Island,Chelsea,122874,34.0,82630,79.1,High,91.8,Staten Island,Chelsea,83.0,High,High,Excellent,Yes,71.3,Staten Island,Chelsea,0.27,82,High,10.46,0.14,52,4.76
Park Slope Central,Queens,Park Slope,2073,High,Condos,1,88,557691,Queens,Park Slope,333.39,Moderate,Vandalism,4,Increasing,Queens,Park Slope,54.1,12.3,Medium,21.6,Low,66.8,Queens,Park Slope,50.2,12,172,73.6,Low,10.83,79.4,Queens,Park Slope,195.8,High,67.5,6,575.8,54,Queens,Park Slope,11,32,Few,80.7,Good,4.2,Queens,Park Slope,88091,8.9,67064,88.7,High,86.5,Queens,Park Slope,89.6,High,Medium,Good,Yes,97.9,Queens,Park Slope,0.35,113,Medium,7.57,5.75,159,1.67
Hunts Point Heights,Bronx,Hunts Point,1304,High,Apartments,44,51,455641,Bronx,Hunts Point,712.48,Unsafe,Drug Offense,2,Decreasing,Bronx,Hunts Point,79.1,18.0,Medium,27.0,Low,77.2,Bronx,Hunts Point,44.2,5,175,84.2,High,15.97,48.4,Bronx,Hunts Point,40.7,Medium,75.5,7,574.7,285,Bronx,Hunts Point,3,19,Few,52.1,Average,11.0,Bronx,Hunts Point,131026,15.3,58015,76.2,Medium,85.0,Bronx,Hunts Point,67.4,Medium,High,Good,No,64.1,Bronx,Hunts Point,0.55,113,Medium,15.2,1.36,58,3.41
Astoria North,Brooklyn,Astoria,3181,High,Apartments,69,110,1058611,Brooklyn,Astoria,443.71,Moderate,Drug Offense,2,Increasing,Brooklyn,Astoria,30.6,34.0,Medium,23.2,Low,99.6,Brooklyn,Astoria,39.9,12,197,82.8,Medium,9.8,54.8,Brooklyn,Astoria,178.7,High,78.2,7,516.6,140,Brooklyn,Astoria,10,23,Few,76.5,Excellent,7.0,Brooklyn,Astoria,290058,19.2,62163,88.0,High,98.1,Brooklyn,Astoria,83.0,Low,High,Excellent,Yes,82.3,Brooklyn,Astoria,0.41,169,Medium,7.59,2.75,116,2.6
